9.69229916378108E-09,-7754937358.67188
9.69322859610645E-09,343646335547.891
1.07649013548293E-08,-90718187044.0781
1.0765812192334E-08,219341759638.172
1.19564732605495E-08,-90998784280.9062
1.19574849190785E-08,219061162401.344
1.32799408111717E-08,-91279381517.7188
1.32812891899551E-08,280792554500.984
1.47499035965827E-08,-91559978754.5312
1.47514844342427E-08,301182620376.313
1.63825772420206E-08,-91840575991.3438
1.63847951528475E-08,404255338700.25
1.8196588109612E-08,31902805444.7344
1.81986409995964E-08,445316067687.734
2.02105488582183E-08,-9719118016.39063
2.02137410696871E-08,569059449123.813
2.24471573884853E-08,-92682367701.7969
2.26488046046329E-08,620432126564.297
2.40744688009704E-08,-92869432526.3438
2.49343750679881E-08,279108971080.094
2.49383133973534E-08,857887538220.281
2.72140193958402E-08,278875140049.406
2.76996217678581E-08,973362654411.5
2.86826059906913E-08,526782798776.797
3.07677881974604E-08,1221130014520.48
3.41758791641516E-08,1477165639874.33
3.79618206601224E-08,1766274326207.61
3.93031293224382E-08,773988964412.141
4.18740177964934E-08,2138084371471.95
4.55476632070439E-08,2534736625435.78
4.85094483154353E-08,2571775460695.55
5.024128761441E-08,2881741874965.52
5.42678595671493E-08,3278412835411.81
5.77976627156089E-08,3377463660008.03
6.02829541609508E-08,3774228152866.59
6.42040036199306E-08,3873278977462.81
6.46617137046284E-08,4257734604866.35
6.88678086325888E-08,4369187827329.87
6.94811706499733E-08,4803248369581.95
7.19629406352462E-08,5175226773188.38
7.65076465987287E-08,5175063091466.9
7.70554162965534E-08,5671140299676.04
8.20693593951219E-08,5857007909343.31
8.26547112597923E-08,6253865934614.13
8.80391044711291E-08,6693982700560.83
9.44327029624824E-08,7127879561091.43
1.02000463981149E-07,7505946924736.77
1.11725642874868E-07,7815763687147.11
1.21531958718098E-07,8348842317651.12
1.33113050255032E-07,8485025509919.41
1.44764719700239E-07,8211948279049.58
1.48857059449406E-07,7777789527764.61
1.59634976391275E-07,7467542516257.82
1.71190365882965E-07,7095283515414.58
1.7882365957163E-07,6661082674544.09
1.93466182518154E-07,6536848247943.58
1.96864386501381E-07,6226741535055.2
2.11119141777305E-07,5931997520882.52
2.22456516133519E-07,5265228336897.27
2.26399046078155E-07,5523564859593.01
2.34414291519657E-07,4779327455143.34
2.44868089947549E-07,4365797277385
2.51351488265027E-07,3952313865832.8
2.67661762653224E-07,3522195714757.99
2.74390297218116E-07,4737565233063.82
2.81562038049758E-07,3109680363672.81
3.04773000364393E-07,4861308614499.9
3.07838315914827E-07,3062932864019.18
3.32511888764999E-07,3481308020733.21
3.44506776745733E-07,5109029208402.74
3.46818363224244E-07,3967989898129.61
3.72002577644874E-07,4377081962925.64
4.10407765129938E-07,5356609503687.18
4.13206284110362E-07,4612446925167.34
4.40130570748003E-07,5108374481516.84
4.55733155341873E-07,4529502381964.38
5.06172758698737E-07,4487880458503.25
5.43002607544514E-07,5397202570613.31
5.62167959474249E-07,4270557898588.87
6.24371698595697E-07,4135917991123.07
6.46844839670927E-07,5479417561000.54
6.87416075158652E-07,3990966135204.27
7.24395569948553E-07,3649759895235.39
7.70528171866394E-07,5478949898939.18
7.83651193238505E-07,3246471516620.86
7.97537358422336E-07,3494472707760.52
8.55246449358821E-07,3029195722912.6
8.93377685892473E-07,2579491884708.01
9.17022689438917E-07,2129834812709.54
9.2456792442569E-07,98918778837.75
9.49541763623928E-07,1592304039381.37
9.83058743632099E-07,475994698913
9.83158558501128E-07,848066634931.703
9.83258383504859E-07,1220138570950.4
9.83502442852913E-07,2129647747884.99
9.83668881685828E-07,2749767641249.49
1.01790807750635E-06,-102877400639.469
1.05425443345747E-06,227759676742.656
1.05433768874752E-06,517148960312.766
1.091960196397E-06,765103385246.281
1.0922558805553E-06,1757295214629.48
1.09977827384949E-06,1261180593455.43
1.13060630167253E-06,-20475345427.6875
1.13123144375478E-06,2005249639563.01
1.13931526710788E-06,2451717256303
1.15151047318248E-06,2997394702740.06
1.17266885182334E-06,5601851488664.81
1.18224251276917E-06,3338390494781.34
1.22450681814555E-06,3818889879726.55
1.25576780204323E-06,20585383559.8125
1.32483411006555E-06,3865188423801.27
1.35783013024947E-06,4249597284998.67
1.3947693203759E-06,20304786322.9844
1.4564634647886E-06,4745506134865.73
1.52228717318702E-06,20070955292.3125
1.55117679601012E-06,4794947367992.79
1.61779505282863E-06,5005675892842
1.79685737250217E-06,4980590499870.6
1.91419869122088E-06,5972613970911.7
1.91442544432974E-06,6406697896266.85
1.98183325777435E-06,4980328609116.23
2.1261541837729E-06,6096357352347.79
2.18577734603003E-06,4856042739688.98
2.20202290486356E-06,6344311777281.31
2.42339596790482E-06,4731742840399.88
2.5309542865677E-06,3574068790604.14
2.53121126700988E-06,3946140726622.84
2.53291084985137E-06,6405949636968.68
2.55376236724793E-06,4390536600430.99
2.62054332715018E-06,2809160723042.32
2.64383811079593E-06,3181209275957.95
2.71455884175463E-06,3739247030676.8
2.71602915307396E-06,5723630689443.19
2.7162589611451E-06,6033690636125.43
2.76268373486547E-06,4018254216484.68
2.76294086711164E-06,4359320157835.15
2.81209004123845E-06,4855369306320.62
3.12399588068073E-06,5599232581121.19
3.15085947128185E-06,4917077315317.18
3.468999872079E-06,4761790127842.3
3.46979242839687E-06,5598951983884.38
3.82595112401848E-06,4606498263746.83
4.13213322707555E-06,4606292492439.83
4.16070397890071E-06,4209397054204.09
4.621222945524E-06,4184311661232.7
4.7936381474089E-06,3768733123645.6
5.21679774993709E-06,3861525070987.28
5.27473239210113E-06,1587720951180.03
5.275148941808E-06,1877110234750.13
5.27568455405309E-06,2249182170768.83
5.27622022068158E-06,2621254106787.53
5.27675594169897E-06,2993326042806.23
5.27729171711079E-06,3365397978824.92
5.65766771390725E-06,1938935159262.04
5.85945420886361E-06,2124877594859.11
5.86004914854369E-06,2496949530877.81
5.86064414863096E-06,2869021466896.51
5.86123920913158E-06,3241093402915.2
6.11823913195323E-06,202389009913.828
6.22723281901244E-06,791456142403.969
6.28267712454649E-06,1215181353099.98
6.28343908205673E-06,1659600610011.2
6.50796648566092E-06,2083255671397.99
6.50862727203469E-06,2455327607416.7
6.58588415160848E-06,2951392344637.53
6.73627905275627E-06,202131795780.094
6.73684902134223E-06,512191742462.344
6.85645687545256E-06,884216912274.906
6.85715304579788E-06,1256288848293.6
6.85784928682886E-06,1628360784312.3
6.97960541263947E-06,2000385954124.85
6.98031408687145E-06,2372457890143.55
6.98102283305867E-06,2744529826162.25
6.98244054132804E-06,3488673698199.65
6.9831495034248E-06,3860745634218.34
6.98598607172964E-06,5349033378293.13
7.10496581558837E-06,3116554995974.81
7.23331217131268E-06,4604795973843.47
7.29600605798278E-06,4170688665385.26
7.48179428881677E-06,139839209206.813
7.89335427086928E-06,4015448244116.52
7.89395535203204E-06,4294502196130.54
7.89475686478464E-06,4666574132149.23
8.02418854486196E-06,139652144382.266
8.0914914388078E-06,5100592584815.8
8.61683267154403E-06,4790364279791.45
8.76937308005184E-06,4976353481594.67
8.98796361984474E-06,5435176729995.81
9.91206415326533E-06,5007032112819.95
9.91321036352968E-06,5430780706619.01
1.06283929751674E-05,4231695181289.77
1.06293522176458E-05,4562425791084.17
1.10099803175359E-05,5254799472928.92
1.16009852900029E-05,4510515302273.12
1.1889695504236E-05,4826710975200.41
1.2658507930108E-05,3611107625863.92
1.26610786238014E-05,4355251497901.31
1.26641855752203E-05,5254425343279.84
1.31168654596495E-05,5719421730890.94
1.32287074525794E-05,4773715510407.01
1.40657124421754E-05,5181797425150.48
1.44349763833925E-05,3967325818002.48
1.45633547608523E-05,4354877368252.23
1.45685308335065E-05,5657129144317.67
1.46930613513968E-05,4788937910504.3
1.53518541542341E-05,5222904920344.11
1.62910793791462E-05,4825869183489.97
1.72260927077548E-05,4155990046796.68
1.79672582077156E-05,4643705457348.7
1.79700960963902E-05,5222484024488.89
1.87670067119548E-05,3935618330242.22
1.90949498777528E-05,3299948673337.48
1.94155596882991E-05,199302440308.859
1.94374201036566E-05,4323099731182.76
1.99571879846988E-05,4850131491233.38
2.00841633086878E-05,2444047598496.68
2.06443968011963E-05,674564010166.828
2.06464929300149E-05,1046635946185.53
2.06485892716639E-05,1418707882204.23
2.06595402922918E-05,3361750214746.3
2.06637358381043E-05,4105894086783.7
2.08324344442628E-05,1842433092900.23
2.08387807522533E-05,2958648900956.32
2.08430126982736E-05,3702792772993.72
2.1190731740709E-05,214571606612.281
2.13895058174338E-05,2369464852950.84
2.14073692523589E-05,5428722993549.02
2.15521277211679E-05,4477853783907.67
2.23621655205875E-05,5035863478902.84
2.3742652167916E-05,136752639601.828
2.37776314326074E-05,5531795711872.96
2.59493239695216E-05,5221501934160.03
2.66416460167465E-05,5531491731533.08
2.88216666315973E-05,5221221336923.21
2.93323816374225E-05,5469222528062.87
3.16752822371697E-05,4948116046329.7
3.25318197594861E-05,135910847891.391
3.25797478142886E-05,5530953920162.51
3.37480189867278E-05,6399028238460.53
3.46290656786063E-05,4662622387730.73
3.49374848661266E-05,5096682929982.82
3.5173814498072E-05,4154081985586.32
3.61335971663123E-05,218312903103.156
3.61368583254903E-05,549043512897.562
3.61405274813818E-05,921115448916.266
3.61441970098209E-05,1293187384934.98
3.61478669108457E-05,1665259320953.67
3.61515371844939E-05,2037331256972.37
3.61552078308033E-05,2409403192991.07
3.61588788498118E-05,2781475129009.77
3.61625502415573E-05,3153547065028.46
3.6484524309776E-05,3577272275724.46
3.65030503522625E-05,5437631955817.95
3.8121348555003E-05,4104257269568.95
3.88021047415101E-05,4848354375400.2
3.91384174430238E-05,4414247066941.98
4.01323362514482E-05,135349653417.75
4.01876081496788E-05,5178991452782.32
4.01916885984516E-05,5551063388801.02
4.01957694615327E-05,5923135324819.72
4.01996239904582E-05,6274536597726.27
4.16101424390345E-05,4414083385220.51
4.30961552923385E-05,4765391125714.8
4.38608013815706E-05,5096074969303.05
4.38652547880163E-05,5468146905321.74
4.46437986638222E-05,5819501412022.16
4.46480797315962E-05,6170902684928.7
4.95826445578122E-05,5612514183663.84
4.95873992307594E-05,5963915456570.39
5.31735495830981E-05,5364279161493.5
5.5069261956739E-05,5498544939310.2
5.50743874377499E-05,5839610880660.68
6.10761300921886E-05,175568590694.797
6.11643865086563E-05,5467258347405.16
6.11711143902338E-05,5870336278092.08
6.33583837197453E-05,6376673991927.48
6.33657103500647E-05,6800422585726.55
6.55112470021552E-05,588794788113.234
6.55178986865859E-05,960866724131.938
6.55245510463953E-05,1332938660150.64
6.55312040816521E-05,1705010596169.34
6.55378577924247E-05,2077082532188.03
6.55445121787819E-05,2449154468206.73
6.55511672407922E-05,2821226404225.43
6.55578229785243E-05,3193298340244.12
6.55644793920467E-05,3565370276262.83
6.5571136481428E-05,3937442212281.52
6.55777942467369E-05,4309514148300.22
6.5584452688042E-05,4681586084318.92
6.55924067123042E-05,5126005341230.15
6.78370577940668E-05,195958656570.125
6.79362334897963E-05,5549660402616.94
6.79622959187004E-05,6955265494243.14
6.8422480300143E-05,6037469345581.23
7.28534769209053E-05,5156730738661.55
7.5344698103935E-05,133666069996.859
7.54544241338719E-05,5466697152931.52
7.54620853987875E-05,5838769088950.23
7.54697474415895E-05,6210841024968.92
7.94536369106906E-05,2365957387490.64
7.94643935260226E-05,2862053302182.23
7.94724619431784E-05,3234125238200.93
7.94805311795609E-05,3606197174219.63
7.94886012352533E-05,3978269110238.33
7.94966721103388E-05,4350341046257.02
7.95047438049006E-05,4722412982275.73
8.0916749114262E-05,5115108815200.44
8.09560103021886E-05,6892785842845.33
8.09861539004093E-05,8257049608247.22
8.36846375558968E-05,133385472760.031
8.38065092107949E-05,5466416555694.71
8.38150185046645E-05,5838488491713.41
8.38235286625251E-05,6210560427732.11
8.38859628949072E-05,8939087958535.89
8.39228777064495E-05,10551399681283.6
8.67838049299949E-05,5156263076600.2
8.84247830451484E-05,9683091531954.88
9.29482530374164E-05,153775538635.375
9.30820403714469E-05,5424794632233.59
9.30914914563681E-05,5796866568252.29
9.39208633790134E-05,6241262442060.45
9.58223764504746E-05,9161975696980.48
9.96938662537707E-05,422307094268.781
9.97039886704294E-05,794379030287.484
9.97141121148678E-05,1166450966306.18
9.97242365871901E-05,1538522902324.88
9.97343620875006E-05,1910594838343.58
9.97444886159036E-05,2282666774362.27
9.97546161725039E-05,2654738710380.98
9.97647447574057E-05,3026810646399.67
9.97748743707133E-05,3398882582418.37
9.97850050125311E-05,3770954518437.07
9.97951366829637E-05,4143026454455.77
9.98052693821155E-05,4515098390474.46
9.98168106536845E-05,4938846984273.53
9.9866087185978E-05,6747530006586.65
9.9876227089089E-05,7119601942605.35
9.98863680217551E-05,7491673878624.05
9.98965099840808E-05,7863745814642.74
9.99066529761706E-05,8235817750661.44
9.99182059715253E-05,8659566344460.51
9.99472352442624E-05,9724105494736.23
9.99587929324655E-05,10147854088535.3
9.99776827629792E-05,10840321302792.3
0.000103384168143,5383172708772.48
0.000103394665254,5755244644791.19
0.000104135172153,6259590118245.18
0.000106913354194,153401408986.281
0.000107174189367,9083127873435.04
0.000107183257566,9393187820117.29
0.000107235263388,11170864847762.2
0.000110837442711,4008386546989.97
0.000110846820865,4318446493672.22
0.000110952849163,7822123891181.62
0.000111645170755,4969553675222.48
0.000111747235232,8318201099390.77
0.000113681007256,659668973512.484
0.000114693168626,1083394184208.48
0.000114704813997,1455466120227.18
0.00011471646055,1827538056245.87
0.000114728108286,2199609992264.57
0.000114739757204,2571681928283.27
0.000114751407305,2943753864301.97
0.000114763058589,3315825800320.66
0.000114774711056,3687897736339.37
0.000114832991141,5548257416432.85
0.000114844650709,5920329352451.56
0.000114856311461,6292401288470.25
0.000114867973396,6664473224488.95
0.000114879636516,7036545160507.65
0.00011489130082,7408617096526.34
0.000114969741608,9909767333096.48
0.000114980117951,10240497942890.9
0.000116960136336,8690151443273.51
0.000118750489469,240971129976.109
0.000118875643832,4101217466170.09
0.00011888771387,4473289402188.79
0.000118899785134,4845361338207.49
0.00011899639938,7821936826357.07
0.000119008481679,8194008762375.77
0.000121012812052,5279398497356.51
0.000123159222433,5589411677832.61
0.000123171727405,5961483613851.31
0.000127584201736,6705533953476.44
0.000128463746817,6234224128036.97
0.000129603505883,132216317606.641
0.000140455606726,6271192813987.55
0.000141706555986,6705253356239.62
0.000144129744362,4720822931267.1
0.000144149256977,5216918845958.7
0.000144163893172,5588990781977.39
0.000144178530853,5961062717996.09
0.000146773082656,7201255738518.95
0.000157375253284,6312230159871.97
0.00015739034461,6663631432778.5
0.00016141708266,3061698236177.19
0.000162852196428,3438914454870.85
0.000162868731626,3810986390889.55
0.000162885268502,4183058326908.24
0.000162901807058,4555130262926.95
0.000162918347293,4927202198945.64
0.000162934889207,5299274134964.34
0.000164101079414,5787083077928.63
0.000174792235001,6249937573298.7
0.00017483759338,7200788076457.59
0.000175011247181,10838824784196
0.000176348501542,6673662783994.7
0.000176507476801,9975801216160.64
0.000176952821404,8523679338164.42
0.000177130574327,12203057372127.1
0.00018100748937,6053472741320.99
0.000182925797121,12626720227881.6
0.000187167997048,461964837072.172
0.000187184889488,792695446866.594
0.000187203895306,1164767382885.27
0.000187222903053,1536839318903.98
0.000187241912731,1908911254922.67
0.000187260924338,2280983190941.37
0.000187279937876,2653055126960.07
0.000187298953344,3025127062978.77
0.000187317970744,3397198998997.46
0.000187336990074,3769270935016.16
0.000187356011335,4141342871034.86
0.000187375034527,4513414807053.56
0.000187394059651,4885486743072.26
0.000187413086707,5257558679090.95
0.000187527289619,7489990295203.14
0.000187603463552,8978278039277.93
0.000187702959424,10921320371820
0.000187717782473,11210709655390.1
0.000189081723282,5681283889786.96
0.000189196943001,7913715505899.15
0.000189273795151,9402003249973.94
0.000189331454749,10518219058030
0.000189389131913,11634434866086.1
0.000191077517801,12099501403006.4
0.000194146638717,6373680954734.78
0.000194166351396,6745752890753.48
0.000194186066076,7117824826772.18
0.000194249604775,8316723287276.87
0.000194264944817,8606112570846.96
0.000194328509326,9805011031351.66
0.000194343855599,10094400314921.8
0.000194473250922,12533538562155.4
0.000201421266925,12936522960430.1
0.000204386009038,2363432012359.29
0.000204469031014,3851719756434.08
0.000204676733527,7572439116621.05
0.000204697515379,7944511052639.76
0.000204759873596,9060726860695.85
0.000207909162242,875097502078.359
0.000207930272298,1247169438097.06
0.000207951384498,1619241374115.76
0.000207972498842,1991313310134.45
0.000208014733961,2735457182171.85
0.000208033507878,3066187791966.24
0.00020805463056,3438259727984.95
0.000208096882359,4182403600022.34
0.00020811566369,4513134209816.74
0.000208136794714,4885206145835.45
0.000208162624435,5339960734302.73
0.000208183760227,5712032670321.44
0.000208204898165,6084104606340.13
0.000208399938119,9515434682957.02
0.000208416395624,9804823966527.11
0.000208522224905,11665183646620.6
0.000211901424687,6456129776152.7
0.000212030549926,8688561392264.88
0.000212113087798,10114837147003.2
0.000215659930998,6766142956628.81
0.000215743881692,8192418711367.15
0.00021591188113,11044970220843.8
0.000218213642637,7158854378288.89
0.000231352958835,7696135731851
0.000235034519683,1432878042663.45
0.000235054406373,1742937989345.7
0.000235078272622,2115009925364.4
0.000235102141295,2487081861383.1
0.00023512601239,2859153797401.8
0.00023514988591,3231225733420.49
0.000235173761854,3603297669439.2
0.000235197640221,3975369605457.89
0.000235221521014,4347441541476.59
0.000235245404231,4719513477495.29
0.000235269289873,5091585413513.98
0.00023529317794,5463657349532.68
0.000235317068433,5835729285551.38
0.000235340961351,6207801221570.08
0.000235412654663,7324017029626.17
0.000235460462338,8068160901663.57
0.000239519268937,6579826391382.64
0.000239543588526,6951898327401.34
0.000252662722997,9990345506268.96
0.000266010760428,6290156510575.72
0.00026603776983,6662228446594.41
0.000266064781975,7034300382613.12
0.000266091796863,7406372318631.81
0.00026799632234,7894181261596.1
0.000270347510895,1432503913014.37
0.000270370385481,1742563859696.62
0.000270947464395,9556074516089.27
0.000275170615012,2114589029509.17
0.000275195449937,2445319639303.57
0.000275223391907,2817391575322.27
0.000275251336714,3189463511340.96
0.000275279284358,3561535447359.66
0.00027530723484,3933607383378.36
0.00027533518816,4305679319397.06
0.000275363144318,4677751255415.76
0.000275391103315,5049823191434.45
0.000275419065151,5421895127453.15
0.000277872832257,5866291001261.31
0.000290422719352,7447479813825.44
0.000292157760529,7902218813557.35
0.000295124160767,2176413954021.09
0.000295149131748,2486473900703.34
0.000295179099715,2858545836722.03
0.000295209070725,3230617772740.73
0.000295239044778,3602689708759.43
0.000295269021874,3974761644778.13
0.000295299002014,4346833580796.82
0.000295328985198,4718905516815.52
0.000295358971426,5090977452834.22
0.000295388960699,5463049388852.91
0.000295462280631,6372558565787.52
0.000295492280393,6744630501806.21
0.000295522283202,7116702437824.91
0.000295648995315,8687672834348.3
0.000295709035805,9431816706385.7
0.000300643551428,5959098537338.38
0.000300974413197,9989877844207.6
0.000328139372557,6062218021868.45
0.00032817083912,6413619294774.98
0.000328204159946,6785691230793.69
0.000328243964256,7230110487704.91
0.000339381139411,1266530647437.39
0.000339413683991,1617931920343.95
0.000339455805138,2072686508811.23
0.000339490271783,2444758444829.94
0.000339593692717,3560974252886.03
0.000339628173362,3933046188904.73
0.000339662657509,4305118124923.42
0.000339697145157,4677190060942.12
0.000339731636306,5049261996960.82
0.00033997317243,7653765549091.7
0.000340007691606,8025837485110.41
0.000340042214286,8397909421129.11
0.000340076740473,8769981357147.8
0.000340111270164,9142053293166.51
0.000340145803362,9514125229185.2
0.000341920139518,2932567387794.23
0.000342163231584,5537070939925.11
0.000342580362999,10001934172149.5
0.000345340369439,935753271436.859
0.000364450992688,5958584109070.88
0.000364492109066,6371997371313.88
0.000364529117772,6744069307332.58
0.000367774710858,7167794518028.58
0.000371288917946,9958310655065.74
0.000377788175703,9431161979499.79
0.000377903263554,10547377787555.9
0.00038400461833,5121281954410.4
0.000394249773997,5431271751783.45
0.000404481838613,3147093328581.68
0.000404513780857,3436482612151.77
0.000404554853164,3808554548170.47
0.00040459592964,4180626484189.16
0.000404764843423,5710255554488.27
0.000404801374593,6040986164282.66
0.000404842476101,6413058100301.35
0.000404883581781,6785130036320.06
0.000404924691636,7157201972338.75
0.000404965805664,7529273908357.45
0.000405006923867,7901345844376.15
0.000405114307747,8872867010647.19
0.000407491784623,4668435427153.46
0.00042710610622,10236990477430.7
0.000434475802883,8810667956486.2
0.000437103988346,5263563459958.82
0.000439028347708,4263090894342.47
0.000441651187487,4717829894074.39
0.000449629314601,6206070871943.04
0.000449674967713,6578142807961.73
0.000449720625461,6950214743980.44
0.000449766287844,7322286679999.13
0.000450093670631,9988802221466.47
0.000453526424062,5771963563484.83
0.00048218448817,5895823860436.25
0.000499376456661,6040424969809.02
0.000499427160849,6412496905827.72
0.000499477870186,6784568841846.42
0.000499872451934,9678461677547.41
0.000503052833188,7272377784810.71
0.00051221554104,2888078695896.97
0.000516776063472,3311803906592.96
0.000516828534329,3683875842611.66
0.000516881010514,4055947778630.36
0.000516933492027,4428019714649.05
0.000516985978869,4800091650667.76
0.00051703847104,5172163586686.45
0.000517406065502,7776667138817.34
0.000517458600327,8148739074836.05
0.000517511140486,8520811010854.74
0.00052164487689,5616559460494.61
0.000525747870206,2267888653223.27
0.000539779270472,2608884445264.54
0.000554677696344,6205509677469.41
0.000554734015544,6577581613488.1
0.000554790340462,6949653549506.81
0.000554846671099,7321725485525.5
0.00056181913724,10339611122428.6
0.000573965294695,3228840656907.55
0.000574023572261,3600912592926.26
0.000574081855744,3972984528944.95
0.000574140145145,4345056464963.65
0.000574198440464,4717128400982.35
0.000574256741702,5089200337001.05
0.00057431504886,5461272273019.74
0.000574373361939,5833344209038.45
0.000574665016154,7693703889131.93
0.000574723364766,8065775825150.63
0.000574866019649,8975285002085.23
0.000583977730412,2484650018664.02
0.000584037024591,2856721954682.72
0.000600487156068,8468736840322.21
0.000616068276921,6163887754008.29
0.000616130829413,6535959690026.98
0.000616193388257,6908031626045.69
0.000616268119644,7352450882956.91
0.000637546324046,3507614011684.76
0.000637591277005,3765997300586.64
0.000637656014835,4138069236605.34
0.000637720759238,4510141172624.03
0.000637785510215,4882213108642.73
0.000637850267767,5254285044661.43
0.000637924027431,5678033638460.5
0.000638312755788,7910465254572.69
0.000649727987715,8747580344408.63
0.000649793957846,9119652280427.32
0.000649859934675,9491724216446.02
0.000649925918203,9863796152464.72
0.000649991908431,10235868088483.4
0.000654431319673,3119968929022.75
0.0006611254441,8354790979071.63
0.000684238001944,6039583178098.57
0.000684307476049,6411655114117.27
0.000684376957208,6783727050135.97
0.000684446445422,7155798986154.66
0.000690544324568,7600194859962.83
0.000691969433009,4468581604104.42
0.000696099465082,4902649940724.2
0.000696170143541,5274721876742.9
0.000696240829176,5646793812761.59
0.000696700460778,8065261396883.13
0.000709093868349,8561310545368.59
0.000709237871351,9305454417405.99
0.000759985196,6080643907086.06
0.00076005378681,6411374516880.45
0.000760130958871,6783446452899.16
0.000760208138768,7155518388917.85
0.000766980994974,7599914262726.01
0.000774218035356,9956346474408.03
0.000814391149881,2979857375439.03
0.000814473839086,3351929311457.73
0.000814556536687,3724001247476.43
0.000814639242684,4096073183495.13
0.000814721957079,4468145119513.82
0.000814804679873,4840217055532.52
0.000814887411065,5212288991551.22
0.000814970150658,5584360927569.91
0.000815549563083,8188864479700.8
0.000815632369908,8560936415719.5
0.000844070219554,5914998004952.04
0.000844155922224,6287069940970.73
0.000844241633595,6659141876989.43
0.000844327353669,7031213813008.13
0.000844413082446,7403285749026.83
0.000844756084609,8891573493101.62
0.000844841856918,9263645429120.33
0.000850729640368,2654177515907.34
0.000851936138428,7847681622834.99
0.000904587504857,3186283409323.71
0.000904679352149,3558355345342.41
0.000904771208767,3930427281361.11
0.000904863074711,4302499217379.81
0.000904954949983,4674571153398.51
0.000905046834583,5046643089417.2
0.000913110089576,5491038963225.36
0.00091385205427,8467614451374.95
0.000936517686843,2069974068855.34
0.000936612776166,2442046004874.05
0.000936707875144,2814117940892.74
0.000937479590396,5832034755266.63
0.000937564200576,6162765365061.02
0.000937659396156,6534837301079.72
0.000937754601403,6906909237098.42
0.000937849816316,7278981173117.12
0.000937945040896,7651053109135.81
0.000938040275146,8023125045154.52
0.000938241356983,8808610243416.21
0.000938326035915,9139340853210.62
0.000938421308848,9511412789229.31
0.000938535119753,9955832046140.53
0.000972071985612,10379487107527.3
0.000976554237066,1590302445758.74
0.000979029493824,10867296050491.6
0.000987301247726,3227390904517.34
0.000987401493358,3599462840536.04
0.000987501749168,3971534776554.73
0.000987602015157,4343606712573.43
0.000987702291327,4715678648592.13
0.001004422065125,2111128330255.1
0.001004524049118,2483200266273.8
0.001005221216937,5025691829068.23
0.001014165505875,5428746376652.1
0.001014989585038,8405321864801.68
0.001040404239554,2855178669880.23
0.001041249639491,5831754158029.81
0.001041331867783,6121143441599.91
0.001041437599413,6493215377618.61
0.001041543341779,6865287313637.31
0.001041649094882,7237359249656.01
0.001041754858722,7609431185674.7
0.001041860633301,7981503121693.4
0.001042095726374,8808329646179.39
0.001042178021482,9097718929749.49
0.001042307355496,9552473518216.79
0.001042413186173,9924545454235.49
0.00104273074268,11040761262291.6
0.001115916682331,3144380888625.79
0.00111602998693,3516452824644.49
0.001116143303035,3888524760663.19
0.001116256630644,4260596696681.88
0.001116369969761,4632668632700.59
0.001116483320385,5004740568719.28
0.001124479512444,5509086042173.27
0.001125393229318,8485661530322.86
0.001135495171556,2761926854844.88
0.001156584325845,6079521518138.8
0.001156701759634,6451593454157.49
0.001156819205347,6823665390176.2
0.001156936662984,7195737326194.89
0.001157054132548,7567809262213.59
0.001157171614039,7939881198232.29
0.001157524130087,9056097006288.38
0.001157641659298,9428168942307.08
0.001157759200444,9800240878325.77
0.00122027820907,10172172515726.1
0.001239682728539,3867573500314.2
0.001239801606546,4218974773220.76
0.001239927489801,4591046709239.46
0.001240053385838,4963118645258.16
0.001240179294658,5335190581276.85
0.001240305216262,5707262517295.56
0.001241187025556,8311766069426.44
0.00124131304948,8683838005445.13
0.00128459268767,6037899594677.67
0.001284723118788,6409971530696.37
0.001284853563149,6782043466715.07
0.001284984020755,7154115402733.77
0.001285114491607,7526187338752.46
0.001285636507501,9014475082827.26
0.001285767044603,9386547018845.96
0.001296563850297,7970583212560.62
0.001297222217028,9830942892654.12
0.001377408697085,5210886005367.14
0.001377548552276,5582957941385.84
0.001378667905135,8559533429535.42
0.001379554704501,10915989024320.5
0.001426720464591,5872253692543.67
0.001426865326652,6244325628562.37
0.001427010203422,6616397564581.06
0.001427155094903,6988469500599.77
0.001427300001094,7360541436618.46
0.001427444921999,7732613372637.16
0.001427879773007,8848829180693.24
0.001428024752779,9220901116711.94
0.001428169747272,9592973052730.64
0.001428379209752,10130410293646.5
0.001440154209525,8156338583333.16
0.0015295468229,4425120209868.62
0.001529702125436,4797192145887.32
0.001540650815716,5285001088851.61
0.001583349293801,2874726944045.11
0.001583501127333,3226128216951.66
0.001583661908119,3598200152970.36
0.00158382270523,3970272088989.05
0.001584626935716,5830631769082.55
0.001584787830811,6202703705101.24
0.001584948742243,6574775641119.94
0.001585109670013,6946847577138.64
0.001585270614122,7318919513157.34
0.001585431574573,7690991449176.03
0.001585592551367,8063063385194.73
0.001585753544506,8435135321213.43
0.001585914553992,8807207257232.13
0.001586075579825,9179279193250.83
0.001586236622008,9551351129269.52
0.001586397680543,9923423065288.22
0.001698987227316,4714228896201.91
0.001699159733983,5086300832220.61
0.001699332258166,5458372768239.31
0.001713713000262,4280121587743.7
0.001759181424187,4063009475756.91
0.00176003002353,5830351171845.73
0.001760208728178,6202423107864.43
0.00176038745097,6574495043883.13
0.001760566191909,6946566979901.83
0.001760744950996,7318638915920.52
0.001760923728234,7690710851939.22
0.001761102523624,8062782787957.92
0.001761281337168,8434854723976.62
0.001761460168867,8806926659995.31
0.001761639018725,9178998596014.02
0.001761817886741,9551070532032.71
0.00176199677292,9923142468051.41
0.001762175677261,10295214404070.1
0.001762354599768,10667286340088.8
0.001762533540441,11039358276107.5
0.001886814755449,4259193710497.8
0.001887006333184,4631265646516.5
0.001887197930372,5003337582535.2
0.001890479387154,11369901821077.4
0.001891204633198,12775506912703.5
0.001900713938027,5507683055989.19
0.00190400386089,11845308366174.4
0.001953525838085,3349591001150.92
0.001953790310887,3845686915842.52
0.001954980881652,6078118531954.71
0.001955179380634,6450190467973.41
0.001955377899772,6822262403992.11
0.001955576439066,7194334340010.81
0.001955774998519,7566406276029.5
0.001955973578132,7938478212048.2
0.001956172177908,8310550148066.9
0.001956370797849,8682622084085.59
0.001956569437957,9054694020104.3
0.001956768098234,9426765956122.99
0.001956966778682,9798837892141.69
0.001957165479303,10170909828160.4
0.001957364200099,10542981764179.1
0.001957562941072,10915053700197.8
0.001958358106776,12403341444272.6
0.002023576961079,4217665319448.95
0.002023782424964,4589737255467.65
0.002023987909712,4961809191486.34
0.002027690204946,11659104039822.9
0.00202789608647,12031175975841.6
0.002028307912232,12775319847879
0.00209621097584,5209763616419.88
0.002099595304959,11121573266494.7
0.002111190579999,5656231233159.85
0.002171427610496,6160520587166.49
0.002171648086398,6532592523185.19
0.002171868584685,6904664459203.89
0.002172089105361,7276736395222.59
0.002172309648427,7648808331241.28
0.002172530213886,8020880267259.99
0.00217275080174,8392952203278.69
0.002172971411992,8765024139297.38
0.002173192044643,9137096075316.09
0.002173412699696,9509168011334.78
0.002173633377153,9881239947353.48
0.002173854077017,10253311883372.2
0.002193221405945,10697707757180.3
0.002307981308846,5240512396954.35
0.002328576441727,5736584928542.88
0.002332145175375,11348669963491.6
0.002332342502338,11658729910173.8
0.002411811143893,6201581316153.98
0.002412056027136,6573653252172.67
0.002412300935243,6945725188191.38
0.002412545868218,7317797124210.07
0.002412790826061,7689869060228.77
0.002413035808776,8061940996247.47
0.002413280816366,8434012932266.16
0.002413525848832,8806084868284.86
0.002413770906178,9178156804303.56
0.002431052715496,9674234012512.7
0.002500325872246,10046231122601.6
0.002500551533716,10376961732396
0.002518448981734,10864770675360.3
0.002545664853217,11782520057816
0.002545923327296,12154591993834.7
0.002585591039798,4692435844142.5
0.002585838982196,5043837117049.04
0.002586101535356,5415909053067.73
0.00259032062407,11389730692479.1
0.002609141664684,5860304926875.89
0.002630732020466,3999921863679.34
0.002630932351454,4278975815693.36
0.002678775633974,6201300718917.16
0.002679017401039,6532031328711.56
0.002679289415069,6904103264730.26
0.002679561456719,7276175200748.95
0.00267983352599,7648247136767.65
0.002680105622886,8020319072786.36
0.002680377747409,8392391008805.05
0.002680649899562,8764462944823.75
0.002680922079348,9136534880842.45
0.0026812472192,9580954137753.67
0.002681950563524,10542139972468.6
0.002773237353959,4960967399775.9
0.002773612801183,5457063314467.49
0.002777056770099,10004609199140.5
0.002778874402491,12402406120149.9
0.002872779583772,5953065696746.82
0.002926308020868,9487702322718.31
0.002975559075207,6531750731474.74
0.002975861198596,6903822667493.44
0.002976163352661,7275894603512.13
0.002976465537406,7647966539530.83
0.002976767752833,8020038475549.54
0.002977069998945,8392110411568.23
0.002977372275746,8764182347586.93
0.002977674583238,9136254283605.63
0.003010131561488,6118306291760.99
0.003030934214967,9983704704997.64
0.003275731573345,6076738928873.7
0.003304887801369,6490128808013.63
0.00330522336315,6862200744032.34
0.003305558959002,7234272680051.03
0.00330589458893,7606344616069.73
0.003306230252935,7978416552088.42
0.003306565951022,8350488488107.12
0.003306901683194,8722560424125.81
0.003336344755683,9146285634821.82
0.00342205539361,5921592040017.23
0.003425328691885,9425269437526.64
0.003425637837472,9756000047321.04
0.003450156498374,10243808990285.3
0.003669444584007,5228937760935.66
0.003669796461343,5580339033842.21
0.00367054172474,6324482905879.61
0.003670914413192,6696554841898.31
0.003671287139485,7068626777917.01
0.003671659903623,7440698713935.7
0.00367203270561,7812770649954.4
0.003672405545448,8184842585973.1
0.003672778423144,8556914521991.8
0.003673151338699,8928986458010.49
0.003738745043869,9673083563841.76
0.003739124657345,10045155499860.5
0.003739504309365,10417227435879.2
0.003799354579143,4484700356485.99
0.003799718914055,4836101629392.55
0.003800876444951,5952317437448.64
0.003804351153821,9300964861616.92
0.003935439545489,5208080032998.98
0.003935839130341,5580151969017.67
0.003936638421765,6324295841055.07
0.003937038128345,6696367777073.77
0.004077985625814,7357735464250.3
0.004078399684082,7729807400268.99
0.004078813784392,8101879336287.69
0.004079227926747,8473951272306.38
0.004079699640091,8897699866105.46
0.00411337169166,6959801816238.34
0.004376680156025,9920710625332.33
0.004406732976737,9350181616954.54
0.004489724738978,7192112945219.34
0.004529686327808,7605502824359.27
0.004530146249507,7977574760377.97
0.004530606217904,8349646696396.67
0.004570944570861,8773371907092.67
0.00469003044992,6844728889419.88
0.00503085238153,7439856922225.26
0.005031306430164,7770587532019.65
0.005031817283859,8142659468038.36
0.005032328189425,8514731404057.05
0.005032938505725,8959150660968.27
0.005398304836517,9300029537494.2
0.005399370670438,10023502746419.4
0.005587719756536,7439576324988.44
0.005588287105658,7811648261007.13
0.005588854512387,8183720197025.84
0.005589421976727,8555792133044.53
0.005589989498684,8927864069063.23
0.005591124715475,9672007941100.63
0.005592260162806,10416151813138
0.00578613022172,7067410856557.47
0.005995845693574,9299748940257.38
0.005997063331766,10043892812294.8
0.006096208220444,6013066739219.41
0.006096724031495,6323126685901.66
0.006097343062367,6695198621920.36
0.006206157025989,7397954401527.32
0.006206787168139,7770026337546.02
0.006207417374271,8142098273564.73
0.006208047644391,8514170209583.42
0.006211199955038,10374529889676.9
0.006211830609222,10746601825695.6
0.006263356462954,8958566083391.57
0.006264628427316,9702709955428.97
0.006483124186232,7098112870885.81
0.006778222490001,9919541470178.93
0.006778910716818,10291613406197.6
0.006779599013514,10663685342216.3
0.006893586002585,7645721761636.3
0.006894285942836,8017793697655.01
0.006894985954156,8389865633673.7
0.006895686036551,8761937569692.4
0.006896386190029,9134009505711.1
0.006897086414598,9506081441729.8
0.007013147641186,6539794518930.16
0.007013800378372,6880860460280.63
0.007201170680489,7314874236326.57
0.007656942542364,7790135806184.55
0.007657676796414,8141537079091.09
0.007658454318624,8513609015109.79
0.007659231919779,8885680951128.49
0.007714052107761,9373489894092.77
0.007934240925187,9919120574323.7
0.008075107601589,10291145744136.3
0.008504013364465,7583148577826.22
0.008504732904204,7893208524508.47
0.008505596432255,8265280460527.17
0.008506460047985,8637352396545.87
0.008507323751401,9009424332564.56
0.008568214072018,9497233275528.85
0.009445369155256,7599404511079.12
0.009446551979782,8058293232168.86
0.009447511135432,8430365168187.55
0.00944847038847,8802437104206.25
0.009449429738907,9174509040224.95
0.00945038918675,9546580976243.65
0.009451348732011,9918652912262.34
0.009961637375905,10259578554994.4
0.00996357608791,10972716432363.6
0.010130696024101,7810058209998.51
0.010131724644317,8182130146017.21
0.010132753368973,8554202082035.91
0.010495746688046,9298252421661.03
0.010496812373681,9670324357679.73
0.01056810268698,8826942596221.55
0.011255114316233,8801969442144.88
0.011656999712615,9132606519527.02
0.011658051789756,9463337129321.41
0.01176184951246,9887062340017.42
0.012947099309803,9070313932953.75
0.012948340857594,9421715205860.3
0.012949655567376,9793787141878.99
0.012950970410648,10165859077897.7
0.012952285387422,10537931013916.4
0.012953600497712,10910002949935.1
0.013404938466163,8181381886719.03
0.013406753257432,8677477801410.62
0.013885623684096,9049456205017.06
0.01388703356089,9421528141035.75
0.014382734416902,9710823892193.58
0.014485742768782,10215169365647.6
0.015974315410428,9607189979396.02
0.015975847249765,9958591252302.55
0.016118088560123,10382316462998.6
0.016547975478043,10661300265703.4
0.016549468979558,10992030875497.8
0.016551149329882,11364102811516.5
0.016552829850821,11736174747535.2
0.016671305078306,12223983690499.5
0.01684975436871,12769661136936.5
0.017127835488715,8635481748300.42
0.017280138611945,9017865632772.13
0.017741619090594,9420873414149.85
0.017742820000462,9668921371495.65
0.01786985278192,10164998579704.8
0.018379056512865,10536995689793.7
0.018380715274614,10867726299588.1
0.018512273409575,11355535242552.4
0.019711450093775,10536808624969.1
0.02006158228916,10939839789449.9
0.020063449487946,11280905730800.4
0.02023272455309,10009636566300.1
0.020598737745945,11590895528173.4
0.021151170478911,12396981240238.1
0.021334766536265,12009382923782.2
0.022060219904378,12719331345892.9
0.022689903715824,13264962026123.8
0.024328774311083,12355265784364.7
0.024502905084909,12843074727329
0.024750311222786,11187326552322.1
0.025181850574282,10412129919410.3
0.025188953546378,11445663075017.8
0.025400218770011,9993525608286.21
0.025413223953009,11869388285713.8
0.025802997892707,3528728953755.2
0.026032515199428,3921448169782.98
0.026035158410845,4293520105801.67
0.026037801890641,4665592041820.38
0.026040445638843,5037663977839.07
0.026043089655477,5409735913857.77
0.026045733940572,5781807849876.47
0.026048378494154,6153879785895.16
0.026051023316251,6525951721913.86
0.02605366840689,6898023657932.56
0.026056313766099,7270095593951.26
0.026058959393904,7642167529969.95
0.026061605290332,8014239465988.66
0.026064251455412,8386311402007.36
0.02606689788917,8758383338026.06
0.026069544591634,9130455274044.76
0.026072191562831,9502527210063.45
0.026081200631,10768605325682.6
0.026094554483976,12644468003110.2
0.026099412125531,13326599885811.2
0.026102503822786,13760683811166.3
0.026937126265505,862096496772.531
0.026939861326607,1234168432791.23
0.026942596665413,1606240368809.92
0.026945332281951,1978312304828.62
0.02694806817625,2350384240847.32
0.026950804348339,2722456176866.02
0.026953540798244,3094528112884.71
0.027019756229276,12086266566669.9
0.027916283479811,3466506516491.15
0.027919117959639,3838578452509.84
0.027921952727267,4210650388528.54
0.027924787782723,4582722324547.24
0.027927623126036,4954794260565.94
0.027930458757236,5326866196584.63
0.027933294676351,5698938132603.34
0.027936130883412,6071010068622.03
0.027938967378447,6443082004640.73
0.027941804161485,6815153940659.43
0.028437409358304,7125167121135.53
0.028439815498232,7435227067817.78
0.028442703134884,7807299003836.48
0.028445591064733,8179370939855.18
0.028448479287807,8551442875873.87
0.028451367804137,8923514811892.57
0.028454256613752,9295586747911.27
0.028457145716683,9667658683929.97
0.02896221827645,10019013190630.4
0.028965649097432,10453097115985.5
0.029172704558522,10907832997970.4
0.030004238349784,11310836102727.5
0.03021839411615,11726297724799.2
0.031060964386558,9915472810245.09
0.031080943703839,12271928405030.2
0.03219111142952,12643906808636.6
0.032752663559668,11899716170393.1
0.033334163277467,12271741340205.6
0.033340932789624,13015885212243
0.033344318061217,13387957148261.7
0.034535330345115,13759935551868.2
0.035758595838007,13077710136754.9
0.036392847865036,13387723317231
0.037042737159822,14131820423062.3
0.038365851787795,14503798826668.7
0.038369747264536,14875870762687.4
0.038807239598506,13676941124712
0.039740260832641,15247849166293.9
0.039744295860005,15619921102312.5
0.039748331297064,15991993038331.2
0.041504181941991,14100510448054.2
0.042122213795707,14834280016697.1
0.042599968710069,13418308416044
0.042602972405004,13676691704945.9
0.042612585652091,14503518229431.9
0.044075438643994,9955878812346.67
0.044103291714123,12270993080907.5
0.044107769741824,12643065016926.2
0.044139875582066,15309580558393.5
0.044145851339513,15805676473085.1
0.044500609751814,13077125559178.2
0.044903786630368,14069294005458.4
0.045649236531108,10286515889728.8
0.045653871526316,10658587825747.5
0.045658506992138,11030659761766.2
0.045663142928622,11402731697784.9
0.045667779335815,11774803633803.6
0.045706434374214,14875403100626.1
0.046383901595145,4674384088573.96
0.046508867416774,14534290393069.5
0.047206215803994,4953391274381.85
0.047211008887091,5325463210400.55
0.047215802456854,5697535146419.25
0.047220596513332,6069607082437.95
0.047225391056575,6441679018456.64
0.047230186086631,6813750954475.34
0.047234981603551,7185822890494.04
0.047239777607384,7557894826512.74
0.047244574098179,7929966762531.44
0.047249371075986,8302038698550.13
0.047254168540854,8674110634568.83
0.047258966492832,9046182570587.53
0.047317380610155,13573057792148.4
0.047348617737521,15991525376269.9
0.047597325218347,9542259778796.67
0.048853210609069,2390135516063
0.04885706858499,2679524799633.09
0.048862029287424,3051596735651.78
0.048866990493542,3423668671670.48
0.048871952203397,3795740607689.18
0.048877879350421,4240159864600.41
0.050623300345084,4581132273538.61
0.050628440381858,4953204209557.3
0.050633580940526,5325276145576
0.050638722021141,5697348081594.7
0.050643863623755,6069420017613.4
0.050649005748422,6441491953632.09
0.050654148395195,6813563889650.8
0.050659291564126,7185635825669.49
0.050715900900007,11278427121875.2
0.050728346272549,12177600967253.7
0.051054814337819,10038168628663.7
0.051065182565256,10782312500701.1
0.051557837986584,7495649006145.61
0.051562200387218,7805708952827.85
0.051567435755208,8177780888846.55
0.051572671654771,8549852824865.25
0.051577908085961,8921924760883.95
0.051886044427886,9376663760615.87
0.051917661949614,11609095376728.1
0.052541625286153,12642597354864.8
0.052546367316202,12973327964659.2
0.05255170261158,13345399900677.9
0.052927836177728,13833208843642.2
0.052938584779018,14577352715679.6
0.053207290096081,16032554927786.6
0.05437323563452,9975988280985.19
0.054449656290576,15122983395910.5
0.056365900291117,13634602119423.4
0.056371623402774,14006674055442.1
0.056377347095527,14378745991460.8
0.056890534227902,15525944411082.1
0.057714889140957,14812767561874.5
0.058409349084086,15897946197791.6
0.058414126459251,16197670812917.8
0.058420057537551,16569742748936.5
0.058427142670323,17014162005847.7
0.060517150347207,17572176377463.4
0.061593151698476,18037219531280.7
0.062686693305124,18409244701093.2
0.063135295832006,18892919511435.1
0.063811526595287,19463401753606.8
0.064943721194272,19794085597195
0.065521209901389,20176469481666.7
0.067271767220074,20620818589268.7
0.068466514702286,21013514422193.5
0.068473466449822,21385586358212.1
0.069653794368798,19897251847931.2
0.070179801234365,21819604810878.7
0.072138068054851,20083194283528.3
0.072183655046844,22398308552089.1
0.072192409416516,22842727809000.3
0.074772075429752,23266382870387.1
0.075307249096484,23754191813351.4
0.077456808613395,24299822493582.3
0.079902371009948,9974959424450.19
0.080207168706289,23927657025151.4
0.081606328425853,23183466386907.8
0.081614614324367,23555538322926.5
0.08230528485936,22377287142430.9
0.083038325979226,22811347684683
0.08355759816991,20008387060193
0.084461143420602,20950941238383.4
0.084486873319371,22067157046439.5
0.085916481242381,19437801932367.9
0.085942266679351,20537481209934.2
0.085969417605081,21695038344214.6
0.086714547470456,21260931035756.4
0.087396600001701,17912260228485.1
0.087414348530176,18656404100522.5
0.087423224146009,19028476036541.2
0.0880825266978,14501577431877.3
0.08886652079982,14914967311017.2
0.088875543861964,15287039247035.9
0.088884567840264,15659111183054.6
0.088893592734814,16031183119073.3
0.088902618545707,16403255055092
0.088911645273035,16775326991110.7
0.088920672916892,17147398927129.4
0.088929701477371,17519470863148.1
0.088948764782275,18304956061409.8
0.088991923142048,20082633089054.7
0.089065742320565,23121220566540.7
0.090388181568661,13013219538493.3
0.090406537628443,13757363410530.7
0.091153613308831,22542379644459
0.091927082477367,10760070493062.8
0.091935897723429,11111471765969.3
0.091945232434757,11483543701988
0.091954568093885,11855615638006.7
0.091963904700909,12227687574025.4
0.091973242255925,12599759510044.1
0.09199192021032,13343903382081.5
0.092013715951257,14212071232791.8
0.093510642859985,9230394656557.57
0.09352013746306,9602466592576.27
0.093529633030169,9974538528594.97
0.093539129561411,10346610464613.7
0.093778443343705,19710420854417.6
0.093800662367418,20578588705127.9
0.093832412962255,21818828491856.9
0.094293208351221,7711077534711.48
0.09513275002335,8134802745407.49
0.095142409327075,8506874681426.19
0.095152069611557,8878946617444.88
0.095398200448322,18346110322809.5
0.095469255837073,21074637853613.3
0.095477333661095,21384697800295.6
0.096998322837215,15183452100444.5
0.098496862475928,7245870699172.77
0.098752202337649,16733705067649.6
0.101067142436008,16154864145567.9
0.102020211202483,7803885070788.55
0.103439849833242,15700047202159
0.103827991905263,8051886261928.21
0.103838534080368,8423958197946.91
0.103849077325872,8796030133965.6
0.103859621641885,9168102069984.3
0.103870167028515,9540174006003
0.10477754133613,20040855278239.8
0.105714902578993,9932869838927.72
0.105725636341572,10304941774946.4
0.105735774784719,10656343047853
0.105764406225382,11648534877236.2
0.105810352022943,13240175936871.7
0.105820498589806,13591577209778.3
0.105916640801954,16919553970834.4
0.105939943048526,17725709832208.2
0.106492808309837,11152420256062.1
0.10763853342392,11896536068375.8
0.109548959372725,12247890575076.2
0.109694265926957,17105496406431.5
0.110332422778159,12715028854928.4
0.111536064834103,14004850173402.8
0.111547389648389,14376922109421.5
0.113380005796497,9974024100327.47
0.113481735922007,13260659535159.3
0.113493258290006,13632731471178
0.113527832414018,14748947279234.1
0.113538078621472,15079677889028.5
0.113562417070551,15865163087290.2
0.114549613543586,15524073762836.6
0.117616717080117,16175129501560.2
0.118458413358926,16658804311902
0.119727200053073,17229286554073.7
0.119739356554269,17601358490092.4
0.121863179591215,17911371670568.5
0.121889990164487,18717527531942.3
0.121931248718476,19957767318671.3
0.122947497620736,18314426218152.3
0.126240169324052,18986152619988
0.127143290440349,19461559165085
0.130801663961377,20825748104557.1
0.131702498259796,20329633483383
0.135427874986875,19957486721434.5
0.136423808756331,21160500608079.2
0.137883619622042,21693775656649
0.140345891567649,22437872762480.2
0.141563520895426,22034771448690.2
0.14535557043699,22727168513638
0.14537237904963,23150917107437.1
0.151627732878183,23653101982167.6
0.157053229938454,24248323547385.3
0.167068336692341,19956925526960.9
0.170174118020736,23336532179591.2
0.170224518925847,24421741992979.1
0.173190062744495,23594868702287
0.173207647597426,23966940638305.7
0.179301312854571,22437218035594.3
0.17932255261944,22871301960949.5
0.184016513299299,21382944067565.5
0.185657002809509,21848010604485.8
0.188870093779306,20607724051550.6
0.192217381659711,20866060574246.4
0.198977588832448,19294996645310.7
0.198997792021828,19667068581329.4
0.199021926297575,20111487838240.6
0.202464605591217,18840195290637.3
0.204219443864061,18406087982179.1
0.205540329660609,9972434049318.84
0.20961121293165,17723885950168.9
0.209632495806047,18095957886187.6
0.211406528425436,16917706705692
0.213289392674175,17351767247944.1
0.213748254781756,25227289893673.2
0.216988049749183,16235504673681.9
0.217010081630702,16607576609700.5
0.217591060275411,26405470924859.6
0.218846547690358,15429325429204.9
0.219386033361751,24452069877658.4
0.220795675485394,15863385971457
0.221199556740372,22560680819793.6
0.221274430598691,23800920606522.6
0.225067754237953,21971520154891.2
0.228540343223003,13961591432727
0.228563548066634,14333663368745.6
0.22858675526637,14705735304764.4
0.228615122821598,15160489893231.6
0.228837026912519,18715843948521.4
0.228883499206501,19459987820558.8
0.228906738892475,19832059756577.5
0.229263376367019,25537162775530.9
0.2325257631035,13196730131371.3
0.236583351965709,12473210156239.9
0.236607373456229,12845282092258.6
0.236858410395249,16731366757342.8
0.238735557067829,13599737912749
0.244898366773168,10819463574855.6
0.244923232528713,11191535510874.3
0.244948100809001,11563607446893
0.244979535164574,12033865032694.4
0.245152669091045,14622865587491.2
0.245243950560231,15987129352893.1
0.24526055084225,16235177310238.9
0.246992084726025,9956440006820.31
0.253585710699169,10323274127751.8
0.253849033949793,14126676140387.3
0.25394355347045,15490939905789.2
0.255761273371088,9568771541055.22
0.262496813824351,8648856883255.34
0.264833960028833,9072582093951.34
0.265892941087705,13010335622448.2
0.269388842567374,7444720607663.41
0.271785435822752,7842607489469.23
0.272067657657081,11646009502104.8
0.272215020149477,13630393160871.2
0.274207603490715,8297338694833.45
0.275180641433239,10591774505914.4
0.28154722003125,8917388438888.74
0.28159804318789,9578849658477.54
0.281947700828248,14126395543150.5
0.284105257611707,10002574869173.6
0.286538612982931,9196395624696.63
0.291702396890185,10529606629224.2
0.291749293449906,11118720527920.4
0.29193942513242,13506182117373.8
0.294417460005647,12420948920882.8
0.29693662682867,11583763681737.7
0.298789783719742,13010023847740.6
0.304870435654864,12033280455117.7
0.320423500547963,12699776836233.8
0.3357510124854,12947700083696.6
0.335779420977436,13257760030378.9
0.341740940356938,13629785200191.4
0.350867416496477,14032792981569.1
0.360239654717476,14456471426059
0.38237052483806,19210568054499.7
0.38614615264652,12471900702468.1
0.386181003427193,12802631312262.5
0.386220214315177,13174703248281.2
0.386259429184439,13546775184299.9
0.386377097683932,14662990992356
0.387000902862865,20574800642430.8
0.389025797946134,14051120657753.9
0.38914430918094,15167336465810
0.400250183452779,15696430615551.2
0.403816097576575,16140826489359.3
0.408202770715442,23675259810634.9
0.408506812158846,26403787341438.7
0.414586311237226,16419810292064.2
0.414626067533726,16771211564970.7
0.414849475250172,18745259892181
0.415225211763056,22062901321681.1
0.415682171997887,26093680628550.3
0.417595596597216,17275557038424.7
0.419008435208262,12554365112621.4
0.420243967229426,23344451257163.6
0.421511672180298,13009104112353.3
0.421554470367714,13381176048372
0.421597272900646,13753247984390.7
0.421640079779533,14125319920409.4
0.421682891004816,14497391856428.1
0.421725706576938,14869463792446.8
0.421768526496338,15241535728465.5
0.422879793817516,24884400070283.4
0.42925671989739,15613560898278
0.429867306900459,20822568002539.8
0.430600186325114,27065108262409.1
0.436877860725501,15985586068090.6
0.437099697736188,17845945748184.1
0.437144078653773,18218017684202.8
0.437277248445656,19334233492258.9
0.444634309365533,16357611237903.2
0.444679455309906,16729683173921.9
0.444724605838172,17101755109940.6
0.444769760950797,17473827045959.3
0.44490525379948,18590042854015.4
0.444950427254195,18962114790034
0.445030746943583,19623576009622.8
0.445075933140245,19995647945641.5
0.449038676583454,20419373156337.6
0.450852030754088,24501821326619.5
0.453064812395561,21070475661267.2
0.453110814331054,21442547597285.9
0.453156820937354,21814619533304.6
0.457719183702593,26465495350435.3
0.461199689249084,22165974040005
0.461243915483996,22517375312911.6
0.461290747884717,22889447248930.3
0.461889580629483,27643699764724.7
0.464592390370315,23377256191894.5
0.477853650158535,23922886872125.5
0.477999221548494,25039102680181.6
0.478047755199208,25411174616200.3
0.478096293777786,25783246552219
0.478144837284729,26155318488237.7
0.47824193908571,26899462360275.1
0.494910746074184,24212182623283.3
0.495312895063892,27188758111432.9
0.499317194879765,24635907833979.3
0.50045491540242,22289779776382.6
0.503436210271397,22682506786778.1
0.503487326666748,23054578722796.8
0.512448056120403,23581633865950.5
0.516455115358986,26477575061480.2
0.519029690908579,27602046663792.9
0.521718322648309,25162892827823.8
0.521771295317931,25534964763842.5
0.531046946584966,25989672586103.7
0.549667841291102,24046536721149.3
0.549723651815084,24418608657168
0.549779468005789,24790680593186.7
0.550119138622946,27054118203967.1
0.550286724677015,28170334012023.2
0.55056149000372,29999687697448.5
0.573621770746048,26477294464243.4
0.573796516546254,27593510272299.5
0.57397131558031,28709726080355.6
0.58424282121482,23178205188717.5
0.589516127456186,24046349656324.7
0.589682410573104,25079882811932.2
0.589742283976358,25451954747950.9
0.594630720537398,23643248342534.8
0.594993067483168,25875679958646.9
0.595537001946531,29224327382815.2
0.596227708412999,22785408029012.8
0.599962252460552,24294350847464.4
0.610627922797623,24749058669725.6
0.611001741062655,26991825617393.8
0.611187874144792,28108041425449.9
0.625330078796344,26443990689980.3
0.625520576804934,27560206498036.4
0.625711132846064,28676422306092.5
0.632445830584236,25162378399556.3
0.632510045971319,25534450335575
0.632574267878511,25906522271593.7
0.633152558557415,29255169695762
0.633216845702122,29627241631780.7
0.637750470975515,30123318839989.8
0.644579119741217,30681398684294.2
0.656093463182954,31446166453237.6
0.656173033616353,31890585710148.8
0.661781942890441,31022394476335.4
0.679631698147701,32376252760872.1
0.68449377763625,32851659305969.1
0.704030283218059,33389021720955.1
0.746220053530926,32934111245134.1
0.74815769361172,31750707987595.8
0.754813610261349,32148594869401.6
0.754890250260878,32520666805420.3
0.809045544710672,29936646851577
0.8091208452945,30277712792927.5
0.809214410328345,30701461386726.6
0.809296573913081,31073533322745.3
0.809378745840296,31445605258764
0.809470057767067,31859018521007
0.809552247308966,32231090457025.6
0.80963444519598,32603162393044.4
0.860550087639288,25273176895133.9
0.866694722977355,25698973848761.7
0.866782722825607,26071045784780.4
0.866870731608923,26443117720799.1
0.866958749328211,26815189656817.8
0.867046775984374,27187261592836.5
0.867134811578327,27559333528855.2
0.867222856110975,27931405464873.9
0.867310909583224,28303477400892.6
0.867398971995982,28675549336911.3
0.867487043350157,29047621272930
0.86785899877602,30618591669453.4
0.867947116839014,30990663605472.1
0.868035243849076,31362735541490.8
0.875210733482873,29471346483626
0.883057980192283,30122448988555.7
0.898591567082629,29905360259672
0.946226453862053,26835626488899.3
0.962854923688189,26556525770679.1
0.963026016282161,27207651658711.9
0.963129229688551,27600394257842.7
0.963216154821202,27931124867637.1
0.963313954972986,28303196803655.8
0.963411765054909,28675268739674.5
0.963509585067978,29047340675693.2
0.970410187658712,29551686149147.2
0.996226333206063,23176778819430.4
0.996394925312189,23796898712794.9
0.996563545949276,24417018606159.4
0.996765928381454,25161162478196.8
0.996934611803664,25781282371561.3
0.998116195329414,30122121625112.7
0.998217539056794,30494193561131.4
0.998318893074108,30866265497150.1
0.998420257382403,31238337433168.8
0.998521631982722,31610409369187.5
0.998623016876112,31982481305206.2
1.06089928872268,29253790092681
1.07977132630159,29749839241166.4
1.10767306564864,27062582887277.7
1.10777303627065,27393313497072.1
1.10788551400532,27765385433090.8
1.10799800316041,28137457369109.5
1.10811050373709,28509529305128.2
1.10822301573652,28881601241146.9
1.16806706988341,29253532878547.2
1.16818566957275,29625604814565.9
1.16830428130411,29997676750584.6
1.18747830086008,25532766752154.1
1.18759887146875,25904838688172.8
1.18771945431955,26276910624191.5
1.18784004941373,26648982560210.2
1.18820190816899,27765198368266.3
1.18832255224913,28137270304285
1.18844320857886,28509342240303.7
1.18856387715943,28881414176322.4
1.18944915453312,31609941707126.2
1.20892928547745,27021007730022.8
1.20905203411183,27393079666041.5
1.21060792933971,32105990855611.6
1.22925529723372,24003044149442.7
1.22936624099546,24333774759237.1
1.2294910646961,24705846695255.8
1.23164279601824,31113752260022.3
1.2404378656627,25129571905951.8
1.31838529219275,24044198410842.5
1.31851915444272,24416270346861.2
1.31865303028438,24788342282879.9
1.32052871996967,29997349387141.6
1.34205340075157,25129361458024.2
1.34217831016522,25470427399374.7
1.34231458823925,25842499335393.4
1.34245088015028,26214571271412.1
1.36628511905255,26586596441224.7
1.3664161374553,26937997714131.2
1.3762023345874,27442343187585.2
1.49129971949001,26834410567539.8
1.49145113860627,27206482503558.5
1.49160257309686,27578554439577.2
1.50421265834244,26369297264413.3
1.54388745200857,25594077248398.5
1.54404421062021,25966149184417.2
1.57049172646019,24085072075005.4
1.57065118633683,24457144011024.1
1.57081066240422,24829215947042.8
1.57097015466402,25201287883061.5
1.62609212261681,23340834670555.7
1.6405423089972,23702547891915.3
1.6844398645735,24291591641302.4
1.68461089417429,24663663577321.1
1.71469401902523,25407760683152.3
1.7245098818606,24952990505949.7
1.74513716409523,25779785852964.9
1.80747101646877,26151764256571.3
1.90372099739119,23919192341840.7
1.90391429170168,24291264277859.4
1.90410760563831,24663336213878.1
1.90430093920307,25035408149896.8
1.90449429239795,25407480085915.5
1.90468766522495,25779552021934.2
1.93713771314754,23567744302728
1.93850400928524,26151577191746.8
2.00414660268409,19950284725689.5
2.00507378469702,21645279100885.8
2.00525474826799,21976009710680.2
2.00545835180783,22348081646698.9
2.00566197602055,22720153582717.6
2.02351943191283,23143878793413.6
2.1516210625624,23670817021052
2.18915463432486,22926626382808.4
2.18937691013953,23298698318827.1
2.22733039042149,22161765081452.8
2.22754397780971,22513166354359.3
2.30618496188636,21417527677003.1
2.32669844498835,21810246893030.9
2.39010852686555,24166632338506.8
2.42966348755782,20197818254767.9
2.42991018343878,20569890190786.5
2.430156904368,20941962126805.2
2.4507015764388,19732704951641.4
2.47330257255235,21313987296617.8
2.47355369932778,21686059232636.5
2.47380485160136,22058131168655.2
2.49579523359689,22430179721570.8
2.51538332488065,19019496924963
2.51563872432525,19391568860981.7
2.55950790051833,18626707559626
2.65036179213041,18213200764970.8
2.74502899886127,18585179168577.2
2.74789493492186,22409251844324.9
2.79589318118119,21747743858530
2.84217968258072,17799600437903.2
2.8425003296256,18213013700146.2
2.94519310094295,20031938521603.1
2.96894456072025,17406740923257
3.02058244366405,16476514317004.2
3.04970311122338,19577090400723.6
3.05125168367921,21437450080817.1
3.05156149251734,21809522016835.8
3.07431473097256,16972563465489.6
3.08628580033897,20527909726411.7
3.15874113025074,20073092783002.9
3.18308790918971,16150811074369.4
3.2106362039162,15670194773908.8
3.26701211127756,15339417397908.3
3.35263367419691,13964748151641.1
3.38246484347631,14367802699225
3.4066821841943,14863879907434.1
3.50434897008963,15855996910887.5
3.56047577573151,9964811157718.66
3.62618392151952,12858657227213.5
3.62649073940904,13168717173895.8
3.62841405602752,15111759506437.8
3.62878246704683,15483831442456.5
3.65246346638496,13673062647349.8
3.75451999644414,12073078496539.5
3.82344255983485,14615523293127.8
3.88846168456151,12290026926804.8
3.95913953404237,14181345835360.4
3.99038139659094,10925693012093.7
4.02590984586852,11349418222789.8
4.02631861662265,11721490158808.5
4.02759061330077,12879047293088.8
4.0286130446827,13809227133135.6
4.16837400980501,10547302961626.1
4.17173286300229,13499073654041.1
4.24141860768631,10088367474330.2
4.31538294064476,9323506172974.52
4.31586979050718,9736919435217.52
4.31840229532408,11886668398881.1
4.47053090381632,10522311101066.9
4.50788636699855,8956484987218.52
4.62660926514325,8041737995196.68
4.62707902791261,8413809931215.38
4.79086530133919,7648901863653.56
4.96235215349003,8289598887717.94
5.00455818463227,7266377680563.45
5.09173006940813,6429169058315.23
5.13704991311776,6842558937455.18
5.3187902938057,6010471214778.87
5.50883993831282,6428958610387.62
5.50939927837312,6801030546406.33
5.54602862131322,5436748074521.98
5.70268009737706,4919906670788.41
5.94647893187541,4444369180314.23
6.11447589728185,3948198439692.83
6.33169772271714,3638044960598.3
6.33287640227611,4320176843299.25
6.60237318571812,3154239204879.27
6.78891546664794,2666336729502.71
7.03148532972236,3079656459333.44
7.07938422655979,2310689085079.01
7.48605444542452,1814443518527.77
7.86100896736412,1380228647795.45
8.37200940944982,1342853095851.49
8.42978176136705,896348066146.594
9.29666568206553,536416637240.828
9.2975571755551,887817910147.375
9.6271003427446,288275147482.766
9.97282301640281,1342385433790.13
10.3265915800653,846195986686.266
