1.57380691611518E-08,42771529088.9063
1.74755542953154E-08,43289266235.875
2.15464844575282E-08,106539487690.703
2.39252194888148E-08,107057224837.672
2.61073206028893E-08,76381298879.7188
3.05448944311567E-08,274171270609.625
3.39156432978691E-08,357642003971.094
4.03775983526415E-08,628102136913.188
4.48334246510264E-08,711572870274.672
5.15434474004438E-08,1023336922275.03
5.7229682037771E-08,1169022402797.38
6.63670220326987E-08,1620812780671.97
7.3043950374719E-08,1885700048490.43
7.83134086415942E-08,2197118942392.81
9.00206483386977E-08,2809587605670.76
9.65218529423655E-08,2975838756197.75
1.07902463927446E-07,3461666037009.37
1.14884679462798E-07,3723278617373.27
1.28650932423714E-07,4268218536940.18
1.36740946976544E-07,4470718478548.77
1.62797618595456E-07,4699702113383.62
1.80766736762183E-07,4741696348637.84
2.15212742904311E-07,4970679983472.68
2.4746132252996E-07,4971370299668.63
2.84586618626381E-07,4660986880060.2
3.16011600614868E-07,4620028119099.91
3.50866461101685E-07,4807190097729.52
4.17704083918612E-07,5139864977832.51
4.63799367392687E-07,5223335711193.98
5.52172910653674E-07,5473057595082.45
6.13132880642673E-07,5473575332229.42
6.57488014006677E-07,5411705743166.52
7.55954310140843E-07,5557563802737.86
8.3939430419458E-07,5599558037992.09
9.00089491622692E-07,5599903196090.07
1.03504968572128E-06,5434687519857.02
1.14930736071002E-06,5455943506057.62
1.20032846561305E-06,5850185961887.75
1.23197582024858E-06,6161389131978.9
1.32077952888118E-06,6581683833412.82
1.46650601871102E-06,6701446502618.15
1.62844239311416E-06,6660487741657.86
1.80833558935295E-06,6536575984483.07
2.02251080098828E-06,6076739108449.32
2.22995864549802E-06,6268014221079.87
2.47622371849769E-06,6206317211065.96
2.68657513549718E-06,6040813903084.58
2.84795540442329E-06,5730027799028.5
3.05420411008724E-06,5522990466590.22
3.39167106920726E-06,5357602211308.16
3.63759847476555E-06,4984658886440.87
3.76622964011864E-06,5295905201294.26
4.1827401578722E-06,4954241829056.38
4.40799730622424E-06,4767856456147.23
4.72916787022528E-06,3741658286090.7
4.81113042772327E-06,4280939051009.49
5.25053093462599E-06,4022142385461.63
5.53372477737989E-06,3680220144650.27
5.93682415375767E-06,2685129348174.17
6.15002299530268E-06,1938724961292.59
6.15117521973406E-06,1565436478327.31
7.06186573478618E-06,4676864152567.27
7.07599116959346E-06,695120334270.969
7.31067125214072E-06,5236969456064.19
7.56918800961127E-06,5548215770917.58
8.4634456676997E-06,5610982771035.23
8.634779163654E-06,3931279516168.41
8.7081053796708E-06,4470517136324.95
8.71154999166058E-06,3682463672287.13
8.71300076220943E-06,3350651687429.11
9.26565239589063E-06,6009605858392.24
9.8282653351022E-06,6793805057002.6
9.82995322946111E-06,6451623947617.77
1.01828002775001E-05,5736326934316.63
1.03600360223732E-05,6130439955860.03
1.15035460632674E-05,6172434191114.26
1.15057012855864E-05,5799145708148.98
1.15077371440921E-05,5446595474237.32
1.20282344617857E-05,4243992752938.21
1.22434508307087E-05,3684146318014.79
1.23395853703591E-05,5488417130442.56
1.27735392289113E-05,6172951928261.23
1.27757994230395E-05,5820401694349.56
1.27847111417268E-05,4430939007756.59
1.41840350636601E-05,6131993167300.94
1.41865448357907E-05,5779442933389.29
1.52093421471706E-05,6173814823506.18
1.56166826735085E-05,5676226280505.88
1.63163364557545E-05,5290710571919.66
1.79629346635135E-05,4992554377932.16
1.8775206488269E-05,3810689905686.67
1.87781377664538E-05,3499616169882.27
1.87863477802741E-05,2628609709629.95
1.92260539514595E-05,2898322000026.42
2.12018108173021E-05,5055588875575.74
2.15710613838846E-05,5428963648065.52
2.23285023382295E-05,6217189691152.33
2.25194041343917E-05,6642366941513.91
2.31248108971255E-05,5947765032504.16
2.39375572104544E-05,6673776328430.09
2.39420419803921E-05,6300487845464.8
2.49576583025089E-05,6985057159093.27
2.73347010465466E-05,6550002634494.49
2.75199003777961E-05,7006278629484.07
2.95101251178516E-05,6985885538528.42
3.05670076482147E-05,6426125393129.49
3.05727344646889E-05,6052836910164.21
3.16785516046362E-05,4808714545995.61
3.27887716093805E-05,5726554645667.58
3.27953413245402E-05,5327343351385.26
3.39787210607314E-05,4249126979645.66
3.42417769931917E-05,6271149407136.52
3.6661610465141E-05,5842204180871.97
3.6703987693869E-05,7018071531165.05
3.70378345648776E-05,6364859830738.06
3.90062757529381E-05,7516091521787.82
3.94744950681563E-05,6925108950109.13
4.03711003818223E-05,8542807428991.34
4.03786640231643E-05,8169518946026.05
4.10960104333101E-05,7858531499746.15
4.48308751420917E-05,8418895671816.55
4.52160475812439E-05,8761119925963.63
4.97719215814597E-05,8751225393821.54
4.9781246493592E-05,8377936910856.27
5.11270036267954E-05,7392999515095.73
5.15638553845468E-05,7828545889984.15
5.47965300504409E-05,8388780627767.8
5.53156617472815E-05,6988991961410.24
5.57482550114509E-05,8855477520998.89
5.62737675882246E-05,7549010975382.66
5.62843106398377E-05,7175722492417.38
5.7247276874069E-05,8150506487462.33
6.08308787114379E-05,8887016342201.81
6.41118669609844E-05,8545094101390.45
6.46011472818182E-05,10784868143944.4
6.46273737696051E-05,9976076430852.94
6.46485644747E-05,9322821585663.7
6.47182400106026E-05,7176412808613.34
6.57796176719527E-05,9540659490251.27
6.58261871209153E-05,8130458554604.66
6.58453723578377E-05,7549787581103.12
6.81461019466496E-05,8669825609047.95
7.10470483891447E-05,9068207085736.36
7.30462583099085E-05,9416747733076.48
7.35414708519302E-05,9864728428444.62
7.83458427694822E-05,8966035974258.08
7.97669527281637E-05,7924025248837.84
7.97818972953337E-05,7550736765872.56
7.97968446624113E-05,7177448282907.28
7.98142867968068E-05,6741945052781.12
7.98255016106877E-05,6461978690557.16
8.02131704860227E-05,8401033740246.08
8.1076394631275E-05,10257164556895.3
8.10936944588241E-05,9832030451295.99
8.11088875948591E-05,9458741968330.7
8.6981881564222E-05,9272442884946.05
8.8528999290167E-05,8919978940558.89
9.0031456860093E-05,10164360173301
9.00464501719845E-05,9832548188442.95
9.80068760413133E-05,14924219778730.8
9.87941526272829E-05,16370755794983.5
9.89214745837833E-05,13804397474597.2
9.89894467073411E-05,12435673037057.8
9.90574655367291E-05,11066948599518.5
9.9590862736892E-05,17755077064075.3
9.96064113554132E-05,17444003328270.9
9.96375158754165E-05,16821855856662.1
9.96966412256344E-05,15639775660605.4
9.97194709192485E-05,15183534181425.6
9.97672226277406E-05,14229574724958.8
9.97994160237435E-05,13586689004296.4
9.98357758919537E-05,12860850287419.4
9.98679914090734E-05,12217964566757
9.99043762613171E-05,11492125849880.1
9.99631397822658E-05,10320414778350.1
0.000103488837154,10807936210159.4
0.000107199673235,10165223068545.9
0.000109748718488,9709096642065.48
0.000111763111228,10563604545234.4
0.00011274375889,14022796261094
0.000112786008581,13276219295163.4
0.000112807139362,12902930812198.1
0.000112826512724,12560749702813.3
0.000114704915676,14437647531691
0.000114750288798,13649594067653.2
0.000114852443956,11876473773568.1
0.000114879342004,11409863169861.5
0.000114900864978,11036574686896.2
0.000117040759001,9045789067272.57
0.000117699161908,9460582811519.93
0.000119183288169,7677150919257.7
0.000119220506044,7055003447648.91
0.000123233519008,10642893112975.3
0.000127580625953,11120045420257.7
0.000127599880472,10819340808980.1
0.000128442877261,11609502613733.1
0.000141629427825,11628650259218.5
0.000141655225363,11265730900780.1
0.00014169208714,10747274674439.4
0.000144219821707,10291119484784.1
0.00014424233802,9980045748979.71
0.000144282876241,9420113024531.79
0.000144309908051,9046824541566.51
0.000144336944926,8673536058601.23
0.000144382017641,8051388586992.43
0.000144409068026,7678100104027.15
0.000144436123479,7304811621061.87
0.000149212469178,12033304984337.7
0.000157295619982,11245510388873.4
0.000158638797889,11691425888288.6
0.000162947695768,10457629503884.6
0.000162978224486,10084341020919.3
0.000163091909434,8694878334326.32
0.000163203975125,7326153896786.95
0.000164199289737,9122120780640.84
0.000164312116344,7753396343101.48
0.000164338282671,10913914127826.6
0.000171581943881,11909565806211.9
0.00017161409025,11536277323246.7
0.000174668350708,11163075129805.9
0.000174701075324,10789786646840.6
0.00018274067495,25472725845381.8
0.000182774911939,25099437362416.5
0.000182809155342,24726148879451.2
0.000182843405161,24352860396485.9
0.000182877661397,23979571913520.6
0.000182911924051,23606283430555.4
0.000182946193124,23232994947590.1
0.000183014750533,22486417981659.5
0.000183049038871,22113129498694.2
0.000183077617393,21802055762889.8
0.000183140505848,21117693544120.2
0.000183174817747,20744405061154.9
0.000183203415906,20433331325350.5
0.000183266347574,19748969106580.8
0.00018330068305,19375680623615.5
0.00018332930086,19064606887811.1
0.00018339227577,18380244669041.4
0.000183426634838,18006956186076.2
0.000183455272313,17695882450271.8
0.000183518290495,17011520231502.1
0.000183552673173,16638231748536.8
0.000183581330325,16327158012732.4
0.000183644391809,15642795793962.7
0.000183678798112,15269507310997.4
0.000183707474955,14958433575193
0.000183770579771,14274071356423.4
0.000183805009716,13900782873458.1
0.000183833706264,13589709137653.7
0.000183885371341,13029776413205.8
0.000194097152665,9670438935091.73
0.000194182014131,8799432474839.41
0.000194230523055,8301714497552.36
0.000194315442832,7430708037300.05
0.000194363985088,6932990060013
0.000200766315619,11910342411932.4
0.000200803929764,11537053928967.1
0.000200841550956,11163765446001.8
0.000200877088553,10811215212090.2
0.000200904268605,10541617974393
0.000200929361149,10292758985749.5
0.000203613378896,18629621394831.9
0.000203651526446,18256332911866.6
0.000203689681143,17883044428901.4
0.000203727842989,17509755945936.1
0.000203766011984,17136467462970.8
0.00020380418813,16763178980005.5
0.000203842371429,16389890497040.2
0.000203880561881,16016602014075
0.000203918759489,15643313531109.7
0.000203956964253,15270025048144.4
0.000203995176174,14896736565179.1
0.000204033395255,14523448082213.9
0.000204071621496,14150159599248.6
0.0002041098549,13776871116283.3
0.000204148095466,13403582633318
0.000204186343196,13030294150352.7
0.000207820300485,12657091956911.9
0.000207859236214,12283803473946.7
0.000221042263215,11475313774191
0.000222930946189,11910860149079.4
0.000230566838495,14358146116456.3
0.000230682049435,13362710161882.2
0.000230725268378,12989421678916.9
0.000230768495418,12616133195951.7
0.000230811730557,12242844712986.4
0.000232051207095,15482193730972.7
0.000233963086858,8406326164415.1
0.000234431069464,16017292330270.9
0.000234680065843,13901990926801
0.00023505038691,10760146195176.6
0.000235098094426,10355750338630.9
0.000235142140728,9982461855665.57
0.000235186195282,9609173372700.29
0.000235237602693,9173670142574.12
0.000235281675132,8800381659608.85
0.000236368952963,11206047313004.4
0.000250447504259,11849220665415.1
0.000256160045126,13280274902814.7
0.000256208037445,12906986419849.4
0.000256248037912,12595912684045
0.000256304049058,12160409453918.8
0.000265209983877,13653735964829
0.000269626760645,15520264669179.9
0.000272572349894,11258597633421.8
0.000274436802596,15064109479524.6
0.000274488219117,14690820996559.3
0.000274539645272,14317532513594
0.000274591081061,13944244030628.7
0.000275105969267,10211359200975.9
0.000275157511158,9838070718010.63
0.000275231977606,9298876242616.34
0.000275283543105,8925587759651.06
0.000275335118266,8552299276685.78
0.00027681426497,11787500644861.3
0.000277458040304,10636536451337.5
0.000284444592032,13249685266381.2
0.00028450528593,12824551160781.9
0.00028454230076,12565323047611.5
0.000291871225488,8262251421683.33
0.000294351316555,14587474909389.1
0.000294697691909,12244052766329.3
0.000294820400306,11414522804184.3
0.000294875635753,11041234321219
0.000294930881548,10667945838253.7
0.000294986137694,10294657355288.4
0.000295041404192,9921368872323.13
0.000295096681044,9548080389357.84
0.000295151968253,9174791906392.56
0.00029520726582,8801503423427.29
0.000304975797426,13488520288595.9
0.000305236179878,11787983866198.5
0.000307036970728,13977977482071.3
0.000310416453153,13032365098940.6
0.000312299155744,12576152382935.6
0.000335462656331,14914749503417.5
0.0003377511405,18756553285364
0.000337893534121,17916654198692.2
0.000337962115422,17512258342146.4
0.000338125711625,16547929761152.8
0.00033819434005,16143533904607.1
0.000338335159902,15314003942462
0.000338447858,14650379972746
0.000338532406208,14152661995458.9
0.000338595831224,13779373512493.6
0.000338659268124,13406085029528.4
0.000343279533277,21183014714162.9
0.000343365288494,20685296736875.8
0.000343429618964,20312008253910.5
0.000343483236897,20000934518106.1
0.000343590497876,19378787046497.3
0.00034365487054,19005498563532.1
0.000344858709806,12037446881513.5
0.000344912550855,11726373145709.1
0.000345031030754,11042010926939.4
0.000345095673306,10668722443974.1
0.000345149551351,10357648708169.7
0.000350740632823,13115922121826.6
0.000353931770091,12457525859136.2
0.000376000339096,13655461755318.9
0.000376066869894,13302911521407.2
0.000378539954586,14153214248415.7
0.000389545552197,12691305753374.2
0.000389628672209,12266171647774.9
0.000395810488942,15677699906620.9
0.000397128829384,9051829333987.22
0.000402905146602,15055638724536.6
0.000402995311401,14609766369883.7
0.00040331419524,13033659441808
0.000403562973787,11804918185380.7
0.000403658537119,11333123019410.6
0.000403734163703,10959834536445.4
0.000403809804455,10586546053480.1
0.000403902273509,10130304574300.3
0.000403977945758,9757016091335.02
0.000404053632184,9383727608369.74
0.000404196634123,8678627140546.43
0.000404272361521,8305338657581.15
0.000417406558444,14153697469752.9
0.000417484760759,13780408986787.6
0.000417562977725,13407120503822.3
0.00042607728849,7963416416769.8
0.000432576198594,12577763120726.2
0.000432657242985,12204474637760.9
0.000433206944215,9674408253218.49
0.000433288106777,9301119770253.21
0.000433423411507,8678972298644.41
0.000433504614625,8305683815679.12
0.000440765434476,9985568278547.39
0.000447439482877,14817666597566.9
0.000447523311946,14444378114601.6
0.000448091900868,11914311730059.2
0.00044826914984,11126258266021.4
0.00044835313435,10752969783056.1
0.000448423133461,10441896047251.7
0.000459690761939,13158736107563.5
0.000463536543602,13946832716363.6
0.000463623388501,13573544233398.3
0.00048025269563,12910092842731.2
0.000480392666698,12329421869229.7
0.000484768459973,11650287357485.7
0.000496950638612,14361942855534.1
0.000497530242875,12039258961527.9
0.000501194196815,14807858354949.3
0.00050598980608,13221425447109.1
0.000506732870949,10297332330547.8
0.000507033568514,9115252134491.03
0.000513833269302,17348423298305.3
0.000513929537437,16975134815340
0.000514025823609,16601846332374.8
0.00051412212782,16228557849409.5
0.000514218450074,15855269366444.2
0.000514314790374,15481980883478.9
0.000514416502494,15087954151460
0.000514807478311,13574061970545.3
0.000515711071121,10079667005009.2
0.000516041264014,8804264688211.13
0.000517306001976,17837880491780.7
0.000519134357816,10807614062601.3
0.00051920081774,14030346594487.3
0.000519458633051,9563319119383.66
0.000524406080002,11541799852814.3
0.000533317065581,12744704587449.2
0.000533416984061,12371416104483.9
0.000533705742617,11293027153695.3
0.000552440405491,12101991445835.7
0.000553424451064,8555750857665.58
0.000553510854429,8244677121861.18
0.000555598995189,14652830595241.6
0.000565891600434,16332723687062.3
0.000571178435986,15192163133875.1
0.000571606603962,13699009202014
0.00057170179598,13367197217156
0.000572428156594,10837130832613.5
0.000572690349092,9924647874253.93
0.000572833413796,9426929896966.89
0.000574703687915,16842962274353.6
0.000575033947151,15698210926593.4
0.000576484664085,14155293825956
0.000580014293197,19381375732232.2
0.0005801048479,19070301996427.8
0.000580304118015,18385939777658.1
0.000580412839654,18012651294692.8
0.00058050345658,17701577558888.4
0.000592146043304,12911128317025.2
0.000592256983562,12537839834059.9
0.000592478926437,11791262868129.3
0.000592589929062,11417974385164
0.000592923061731,10298108936268.2
0.000614100623027,9924993032351.91
0.000614215676539,9551704549386.63
0.000614330751606,9178416066421.35
0.000614445848233,8805127583456.08
0.000614560966423,8431839100490.8
0.000614656914723,8120765364686.4
0.000617985967909,14746679082082.4
0.000618796893677,12133659701325.4
0.000633946248771,16105163829381.6
0.000634065020417,15731875346416.4
0.000634183814316,15358586863451.1
0.000634289427577,15026774878593.1
0.000634659212515,13865432931590
0.000634778117738,13492144448624.7
0.000634897045237,13118855965659.4
0.000635716929238,10547313083009.7
0.000638230762802,16594621022857
0.00064002673242,10995293778377.8
0.000640078691027,14311348431005.2
0.000643203938909,21994912850136.1
0.000643324445011,21621624367170.8
0.000643444973689,21248335884205.6
0.000643565524948,20875047401240.3
0.000643686098794,20501758918275
0.000643806695229,20128470435309.7
0.000643927314258,19755181952344.4
0.000644047955886,19381893469379.2
0.000644168620116,19008604986413.9
0.000644289306953,18635316503448.6
0.000655783190524,18179161313793.3
0.000655906053384,17805872830828
0.000656028939263,17432584347862.7
0.000656151848165,17059295864897.5
0.000663375335276,12631722836710.4
0.000663748260946,11511857387814.6
0.000681117213657,12206718165397.8
0.000681216463239,11916382678647
0.000682323366051,8681215826281.28
0.000692410016183,14218414613124.1
0.000693708360432,10485529783471.3
0.000693838328682,10112241300506
0.000693968321281,9738952817540.74
0.000694098338234,9365664334575.45
0.000694228379547,8992375851610.18
0.000695631483199,16561865519358.7
0.000697588977387,10962538274879.5
0.000703260318896,18013600479462.3
0.000703948659796,16064205068421.4
0.000704080546595,15690916585456.1
0.000704212458103,15317628102490.8
0.000704344394325,14944339619525.5
0.000704476355265,14571051136560.2
0.000704725682278,13865950668736.9
0.000704857714654,13492662185771.7
0.000704989771767,13119373702806.4
0.000705547619062,11543266774730.8
0.00073662356873,12601133200277
0.000756352011242,12103544657276.7
0.0007816199524,16178783175363.3
0.000781794868523,15732910820710.3
0.000781941340032,15359622337745
0.000782087838982,14986333854779.8
0.00078223436538,14613045371814.5
0.00078238091923,14239756888849.2
0.000782527500537,13866468405883.9
0.000782674109307,13493179922918.6
0.000782820745544,13119891439953.4
0.000784468215273,8930765131120.77
0.000801639412057,17952032903735.1
0.000804196462967,11606128693325.3
0.000804774178907,10175189508625.1
0.000808337529803,18760867761588.8
0.000808488974155,18387579278623.5
0.000809212933335,16604089860011.6
0.000810764047246,12788252034144.3
0.000812132162916,9428655687456.79
0.000814681984021,17093547053487
0.000817290844925,10722756944212.9
0.000821799490661,20627396465939.7
0.000821953457151,20254107982974.4
0.000822107452486,19880819500009.1
0.000822261476673,19507531017043.9
0.000822415529717,19134242534078.6
0.000837522832701,17641174891741.9
0.00083972228216,12415136130228
0.000839879606536,12041847647262.7
0.000840194343718,11295270681332.2
0.000840824171963,9802116749471.06
0.0008681051362,15733428557857.3
0.000868267778185,15360140074892
0.000868430450641,14986851591926.7
0.000868593153575,14613563108961.4
0.000868755886991,14240274625996.2
0.000868918650896,13866986143030.9
0.000869081445295,13493697660065.6
0.000869244270194,13120409177100.3
0.000870856070855,9429000845554.77
0.000871019228236,9055712362589.49
0.000871182416184,8682423879624.21
0.00087551805488,16179344057272.5
0.000885718642565,10486737836814.2
0.00088588458449,10113449353848.9
0.000897900452849,18045915906385.6
0.000898236932812,17299338940455.1
0.00089843794626,16853466585802.1
0.000898587566857,16521654600944.1
0.000900291255885,12747293273184
0.000900764555007,11700011695975.9
0.000901088041021,10984542103625.8
0.000901622750719,9802461907569.04
0.000927969625532,21965617556570.1
0.000928167632789,21540483450970.7
0.000928341527655,21167194968005.4
0.0009285154551,20793906485040.2
0.000928689415131,20420618002074.9
0.000928863407754,20047329519109.6
0.000929037432976,19674041036144.3
0.000929211490801,19300752553179
0.000929385581236,18927464070213.8
0.000929559704288,18554175587248.5
0.000932500529541,12260116999472.8
0.000943910076564,22805602932766.4
0.000948341136981,13473390858634.5
0.000959435113278,25076527493663.1
0.000960094371971,23707803056123.7
0.000960719087572,22411662490272
0.00096299147587,17704079955098.8
0.000963984199931,15650993298789.7
0.000964164805133,15277704815824.5
0.000964345444172,14904416332859.2
0.000964526117054,14531127849893.9
0.000964706823786,14157839366928.6
0.000964887564374,13784550883963.3
0.00096520896459,13120926914247.3
0.000965713376896,25991118792737.8
0.000966070744641,11342622057898.8
0.000968063568093,24625513721508.9
0.000968736317251,23241235597179.4
0.000970495229181,16148745791886.6
0.000995116149171,21872640593926.7
0.000995551225185,21001634133674.4
0.000997708692665,16688078330520.1
0.001003878980891,18313991572134.2
0.001006223085177,17144362954462.1
0.00100672902367,12664892529926.3
0.001007106286142,11918315563995.7
0.001014108032031,18979741140470.3
0.001031173933473,20504088735436.4
0.001031318825124,20224122373212.4
0.001031544252603,19788619143086.2
0.001031818052216,19259793792218.8
0.001036661784942,9927581718086.76
0.001070296799282,15858893526473
0.001070497322455,15485605043507.7
0.001070697883196,15112316560542.4
0.001070898481512,14739028077577.1
0.001071099117411,14365739594611.9
0.0010712997909,13992451111646.6
0.001071500501986,13619162628681.3
0.001071701250675,13245874145716
0.001072917699239,10985404998870.7
0.001073129882004,10591378266851.8
0.001073330935963,10218089783886.5
0.001078627708754,17797962957749.3
0.001079436271916,16304809025888.2
0.001080211713702,11396056845942.3
0.001106703474895,18762420973029.7
0.001106899298828,18409870739118.1
0.00110771752635,16937455056310.6
0.001107913529713,16584904822398.9
0.001110210502805,12457993260727.2
0.001110418503924,12084704777761.9
0.001110614985208,11732154543850.3
0.001117170728352,17393739680252.6
0.001119684979735,12914277884669.2
0.001124923630445,21002238160345.9
0.001143443752586,23242055347662
0.001143657980049,22868766864696.8
0.001143860342841,22516216630785.1
0.001144134184788,22039236902551.7
0.001144348541606,21665948419586.4
0.001144551026588,21313398185674.8
0.001144944187953,20629035966905.1
0.001145158696528,20255747483939.8
0.001145373245291,19882459000974.5
0.001145587834251,19509170518009.3
0.001145802463414,19135882035044
0.0011509656441,10176958443877.3
0.001186949674703,18389477648162.4
0.001187172053126,18016189165197.1
0.001188284570345,16149746750370.7
0.001188507198864,15776458267405.4
0.001188729869093,15403169784440.2
0.001188952581041,15029881301474.9
0.001189175334714,14656592818509.6
0.00118939813012,14283304335544.3
0.001189620967268,13910015852579
0.001189843846166,13536727369613.8
0.001191181996719,11296996471822.1
0.00119140516808,10923707988856.8
0.001191628381252,10550419505891.5
0.001204308092295,24237750170809.6
0.001204496114836,23926676435005.2
0.001211473624155,12416948210242.4
0.00121170059721,12043659727277.1
0.001211927612789,11670371244311.9
0.001214693044741,18721404685719.8
0.001226277383663,22993541517116.5
0.001227119998254,21624817079577.2
0.001227963191833,20256092642037.8
0.001229574534235,17643073261280.8
0.001229804898547,17269784778315.6
0.001230035306019,16896496295350.3
0.001230265756658,16523207812385
0.001232598295354,12748846484624.9
0.001243162506146,13132547236879.3
0.001270155910869,22495996118878.5
0.001271028675806,21127271681339.1
0.001271862329038,19820761990960.6
0.001284513151887,23284107109265.9
0.001285395782145,21915382671726.6
0.001286279018887,20546658234187.2
0.001287109278964,19260886792862.4
0.001319615558781,15932512872454.6
0.001319910871146,15486640517801.6
0.001320185639655,15071875536729.1
0.001320432980217,14698587053763.8
0.00132068036712,14325298570798.5
0.001320927800371,13952010087833.3
0.00132117527998,13578721604868
0.001329810977712,17985642673525.9
0.001361169757442,23709528846613.6
0.001363402794844,20443254620667.4
0.001365660815149,17145873021140.8
0.001365916675616,16772584538175.5
0.001366172584019,16399296055210.2
0.00136845655474,13070807082103.1
0.00136874855172,12645672976503.8
0.001376727704966,18452425856281.5
0.001377308124155,17612526769609.6
0.001381604367703,11406605740311.8
0.001409941020642,23118661327634.2
0.001410381308953,22496513856025.4
0.001410704274429,22040272376845.6
0.001410924520564,21729198641041.2
0.001411732383958,20588594943091.8
0.001412320211492,19759064980946.7
0.001412584813731,19385776497981.4
0.001412849465544,19012488015016.2
0.001418064372706,11671147850032.3
0.001418573633411,10955678257682.2
0.001421273551239,21078052136567.2
0.001427678051476,12119128545400.5
0.0014622164059,20132526042961
0.001465232685155,16026352730342.9
0.001465507200697,15653064247377.6
0.00146578176767,15279775764412.3
0.001466056386085,14906487281447.1
0.00146633105595,14533198798481.8
0.001466605777275,14159910315516.5
0.00146688055007,13786621832551.2
0.001467155374344,13413333349585.9
0.001515609512523,18224779709076.3
0.001515893466309,17851491226111
0.001516177473293,17478202743145.8
0.001516461533488,17104914260180.5
0.001516745646902,16731625777215.2
0.001517029813545,16358337294249.9
0.001519874409793,12625452464597.1
0.001528551597068,18670695208491.5
0.001532852913125,13071367964012.3
0.00153485235353,10473902270045.6
0.001537742371997,24114528729830.8
0.001538558796773,23056878028095.8
0.001547165522154,23533886519504.1
0.001565924629106,22704414083708.7
0.001566218009572,22331125600743.4
0.001566511445004,21957837117778.1
0.001566804935412,21584548634812.8
0.001567082171287,21231998400901.2
0.001567392081198,20837971668882.3
0.001567685736596,20464683185917
0.001568216087085,19790690091674.1
0.001568567032934,19344817737021.2
0.001568828252907,19013005752163.1
0.001574160092967,12252336560680.8
0.001574455016371,11879048077715.6
0.00157474999503,11505759594750.3
0.001575045028954,11132471111785
0.001575307327735,10800659126927
0.001594208535603,10220045679775.1
0.001627502656171,15404722995881.1
0.001627807573457,15031434512915.8
0.001628112547871,14658146029950.5
0.001628417579422,14284857546985.2
0.001628722668122,13911569064020
0.001629027813981,13538280581054.7
0.001632133377262,9743181004240.99
0.001638495281776,15902475488977.9
0.00167896177677,22932879981396.5
0.001683038118295,18100867951901.5
0.001683353440309,17727579468936.3
0.0016836688214,17354290985971
0.001683984261578,16981002503005.7
0.001684299760855,16607714020040.4
0.001684580254279,16275902035182.4
0.001687774156579,12501540707422.3
0.001693143682463,20083479077238
0.001694412900378,18590325145376.9
0.001697392242551,24363876692446.4
0.001699180947089,12990997900897.7
0.001708362572392,23119610512403.7
0.001709002765604,22373033546473.1
0.001709322952169,21999745063507.8
0.001709643198722,21626456580542.6
0.001710177076315,21004309108933.8
0.00171049748289,20631020625968.5
0.001717937062493,23575880754758.3
0.001734862345218,27225870114546.3
0.001735702134294,26261541533552.6
0.001736072492988,25836407427953.3
0.001741592051245,19511241466597.1
0.001741918343506,19137952983631.9
0.00174812952458,12045471807291.5
0.00174849343623,11630706826219
0.001748748219459,11340371339468.2
0.001749112259903,24836858339378.3
0.001777575645444,13538712028677.1
0.001806840670356,15778529215993.3
0.001807179187133,15405240733028
0.001807517767332,15031952250062.8
0.001807856410965,14658663767097.5
0.001808195118044,14285375284132.2
0.001809889605544,12418932869305.8
0.001824442456034,13849915198768.3
0.001865600435924,21564673281004.1
0.001868612386417,18350244677692
0.001868962476302,17976956194726.7
0.001869312631778,17603667711761.5
0.001869662852856,17230379228796.2
0.001870013139549,16857090745830.9
0.001870363491869,16483802262865.6
0.001870713909829,16110513779900.3
0.00187828334401,31249493115397.5
0.001880865488513,28512044240318.7
0.00188223624762,27060366806564.9
0.001883451182785,25774595365240
0.001884568831191,18796160177107.2
0.001884823826324,24322917931486.2
0.001887984704071,32576769818004.4
0.001888810152297,31705763357752.1
0.001889871973191,13196832932628
0.001890108014441,30337038920212.7
0.001891406768387,28968314482673.4
0.00189400695414,26230865607594.6
0.001896906822716,23182342996711.5
0.00190378952687,27558142310201.6
0.001906406735651,24820693435122.9
0.001907076485728,29917132521639
0.001907518153353,23659351488119.8
0.001921525661471,32265782371724.5
0.001922785968268,30959272681346
0.001924107176287,29590548243806.7
0.00192542929215,28221823806267.3
0.001930666565249,22809140803270.7
0.00193173181167,21710013603428.5
0.001932536160398,20880483641283.5
0.001932898226586,20507195158318.2
0.001933240240271,20154644924406.5
0.00193428677549,19076255973617.9
0.001944787385493,22199470796903.9
0.00194736367043,19561565517282.6
0.001996567703851,25484547510237.6
0.002006900891052,15198375979638.7
0.002007276889685,14825087496673.5
0.002007652958762,14451799013708.2
0.002008029098297,14078510530742.9
0.002008405308303,13705222047777.6
0.002012275998425,9868645972856.7
0.002018316572605,21285095221640.4
0.002018757739785,26645946983590.3
0.002024059273599,15623553230000.3
0.002046331220237,11206349326340.1
0.002075123424413,18143379924302.7
0.002075512204733,17770091441337.4
0.002075901057892,17396802958372.2
0.002076289983904,17023514475406.9
0.002076678982782,16650225992441.6
0.00207706805454,16276937509476.3
0.002077392336688,15965863773671.9
0.002080475543303,13010663283530.1
0.002081027757516,12481837932662.6
0.002089139410687,18641132417399.6
0.002098317561376,13383994911257.6
0.002103105598524,26231383344741.6
0.002104370016735,25033749461894.7
0.002105963937325,23525041843243.3
0.002118659614078,11548703014773.9
0.002139332458638,26978046600196.7
0.002139733268704,26604758117231.4
0.002140802462707,25609322162657.3
0.002142318068826,24199121227010.7
0.002142719438255,23825832744045.4
0.002143778968666,22840765913998.1
0.002144236401519,22415631808398.8
0.002144515371891,22156403695228.5
0.002146592051319,20227746533241.2
0.002147050084418,19802612427641.8
0.002147452340404,19429323944676.6
0.002147765258273,19138988457925.8
0.002154616150363,12793084247516
0.002155457222188,12015399908005
0.002164781401459,20803276089241.6
0.002221053701582,21835133413946.2
0.002221469822357,21461844930981
0.00222183977294,21130032946122.9
0.002228057206073,15561813075224.2
0.002228555815566,15115940720571.2
0.002228973341884,14742652237605.9
0.002229390946427,14369363754640.7
0.002229808629209,13996075271675.4
0.002304121430836,18226850657664.2
0.002304553114588,17853562174698.9
0.002304984879218,17480273691733.6
0.00230541672474,17106985208768.4
0.00230584865117,16733696725803.1
0.002306280658522,16360408242837.8
0.002306712746813,15987119759872.5
0.002310124282897,13042288394257.5
0.002312301168575,11165476854904.3
0.002314484923188,23195769646723
0.002319693793033,18716307851139.6
0.002325785626064,13490269089625.7
0.002327093098798,12370403640729.8
0.00235222942998,11829187114144.9
0.002381257790662,22167290556902.2
0.00238348930402,20300848142075.9
0.002383935857571,19927559659110.6
0.002384382494785,19554271176145.3
0.002384829215678,19180982693180
0.002401616809036,22592467807263.8
0.002403867401143,20726025392437.4
0.00246687445465,21337933173806.2
0.002467285273483,21006121188948.1
0.002474743233895,14992028963396.4
0.002475206884131,14618740480431.1
0.002475670621234,14245451997465.9
0.002476134445219,13872163514500.6
0.002487939575638,21783848673221.4
0.002491468740401,15481486156871.8
0.002500555586609,29094124609387.1
0.002501024072863,28720836126421.8
0.00250149264689,28347547643456.5
0.002501961308706,27974259160491.2
0.002502430058326,27600970677525.9
0.002502898895769,27227682194560.7
0.002503367821049,26854393711595.4
0.002503836834184,26481105228630.1
0.00250430593519,26107816745664.8
0.002504775124083,25734528262699.5
0.00250524440088,25361239779734.2
0.002505713765597,24987951296769
0.002506183218252,24614662813803.7
0.002506652758859,24241374330838.4
0.002507122387436,23868085847873.1
0.002507592104,23494797364907.9
0.002508061908566,23121508881942.6
0.002547952728441,12545053638307.7
0.00255849677335,18227368394811.2
0.002558976115052,17854079911845.9
0.00255945554656,17480791428880.6
0.002559935067891,17107502945915.3
0.002560414679062,16734214462950.1
0.002560894380089,16360925979984.8
0.002561374170989,15987637497019.5
0.002565215735656,13001329633297.3
0.002580344275146,18673283894226.4
0.002587120611978,13447245132712.5
0.002643378578064,22748479267550.8
0.002643873822615,22375190784585.5
0.0026463101249,20539855743339.5
0.002646902333819,20093983388686.6
0.002647398238556,19720694905721.3
0.002647894236202,19347406422756
0.002648335201011,19015594437898
0.002657944374992,11798683767235.9
0.002658359346427,11487610031431.5
0.00265894041528,11052106801305.3
0.002659438575386,10678818318340.1
0.002659936828824,10305529835374.8
0.002700353976929,15033936909126.1
0.002704150681033,12234273286886.5
0.002734802506143,24552879514265.3
0.002739160738445,21379927409060.4
0.002739673928059,21006638926095.1
0.002748412876773,14660734715685.4
0.002748927799801,14287446232720.1
0.002749414204576,13934895998808.4
0.002750644906741,13043151289502.5
0.002751160247946,12669862806537.2
0.00275766182559,21877679902157.2
0.002766509977702,15494446843450.9
0.002782692440662,24739610045272.4
0.002784604518046,23370885607733.1
0.002798287994942,25195880287627
0.002800210788533,23827155850087.7
0.002834162846614,22997683414292.3
0.00284107346246,18144933135743.6
0.002841605745715,17771644652778.4
0.002842138128694,17398356169813.1
0.002842670611417,17025067686847.8
0.002843203193902,16651779203882.5
0.00284364708886,16340705468078.1
0.002844150253592,15988155234166.5
0.002847778632675,13447719725097.2
0.002860262897741,18642685628840.5
0.002939120738091,20094501125833.5
0.002939671390783,19721212642868.3
0.002940222146642,19347924159903
0.00294071179403,19016112175044.9
0.002947974252899,14101147149335.4
0.002956214417326,22450400734135.3
0.002958984731395,20583958319308.9
0.003041437866155,21463398142421.9
0.003042007688255,21090109659456.6
0.003052282761028,14370916966081.6
0.00305383972564,13354742762453.8
0.003067409295916,21909313641837.1
0.003072949935675,14835488260692.6
0.003077169627982,15578963118217.6
0.003154925391194,18021021378568.8
0.003155516475507,17647732895603.6
0.003156107670561,17274444412638.3
0.003156698976377,16901155929673
0.003157290392976,16527867446707.7
0.003157881920378,16154578963742.4
0.003158473558605,15781290480777.2
0.003161795362963,13686727326360.9
0.003169102442108,22998235667249
0.003176234673552,18518773871665.7
0.003263464235803,20177971859195
0.003264075655179,19804683376229.7
0.003264687189107,19431394893264.4
0.003265298837607,19058106410299.2
0.00328549294348,20684019651913.3
0.003288233010879,22500698897963.4
0.003309812252774,26855774343987.3
0.003310432355584,26482485861022
0.003311052574572,26109197378056.7
0.003370050382681,25694518686508.7
0.003370681771277,25321230203543.4
0.003371313278166,24947941720578.1
0.003371944903369,24574653237612.9
0.003372576646909,24201364754647.6
0.003373208508808,23828076271682.3
0.003373840489088,23454787788717
0.003377002166983,21588345373890.6
0.003377634858016,21215056890925.3
0.003388408759792,14869152680515.6
0.003389043587883,14495864197550.3
0.003389678534911,14122575714585
0.003405839045605,22034260873305.8
0.00341734304153,15315068179930.8
0.003502937947955,18187445108144.8
0.003503594233418,17814156625179.5
0.003504250641837,17440868142214.3
0.003504907173236,17067579659249
0.003505563827639,16694291176283.7
0.003506220605067,16321002693318.4
0.003506877505545,15947714210353.1
0.003507498024557,15595163976441.5
0.003524898862694,23123191527670.2
0.003526583126971,18693492900863.1
0.003541418388838,13806533140328.4
0.003575945905191,11862365436313.2
0.00361388348909,25611910848392.2
0.003614560560518,25238622365426.9
0.003615124883607,24927548629622.5
0.003619303613677,22625602984669.9
0.003622695318847,20759160569843.5
0.003623374041196,20385872086878.2
0.003624052890705,20012583603913
0.003624731867399,19639295120947.7
0.003625410971301,19266006637982.4
0.003636293953517,13293390910537.9
0.003636975223609,12920102427572.6
0.00363765662134,12546813944607.4
0.003638338146731,12173525461642.1
0.003679579082507,24492131689020.8
0.003680268462192,24118843206055.5
0.003745845123278,23704164514507.5
0.003749355412446,21837722099681.1
0.003750057864927,21464433616715.8
0.003750760449014,21091145133750.5
0.003761236728784,15533294387378.6
0.003762724538195,14745240923340.8
0.003763429495419,14371952440375.5
0.003781371887886,22283637599096.3
0.003794855175201,15191156422756
0.003812550579098,23310224072013.1
0.003813264871374,22936935589047.8
0.003826145040681,16217742895672.8
0.003826861879918,15844454412707.5
0.003830448091137,13978011997881.1
0.003831165736563,13604723514915.8
0.003889177058587,18436821833935.3
0.003889905707053,18063533350970
0.003890634492034,17690244868004.8
0.003891363413555,17316956385039.5
0.003892092471642,16943667902074.2
0.003892740637942,16611855917216.2
0.003899471736039,13169306574314.1
0.003900202313243,12796018091348.9
0.003901176629103,12298300114061.8
0.003915429389956,18942869626653.6
0.004023813821931,20179007333488.9
0.004024567694981,19805718850523.7
0.004025321709271,19432430367558.4
0.004058216186872,20604184583850.5
0.004163804783616,21589380848184.6
0.004164584884374,21216092365219.3
0.004165278429966,20884280380361.2
0.004174000942086,16715892320582.3
0.004191945781456,22078838041659.9
0.004308038367573,23290089849630.9
0.004308845490906,22916801366665.6
0.004309652765456,22543512883700.4
0.004318542773925,18437339571082.3
0.004319306911792,18084789337170.6
0.00432025103348,17649286107044.5
0.004321060444891,17275997624079.2
0.004321870007948,16902709141113.9
0.004355464980344,18862516821443.9
0.004381242834934,24492994584265.8
0.004382063673334,24119706101300.5
0.004382747822809,23808632365496.1
0.004468787537415,19847713085777.9
0.004469578260109,19495162851866.2
0.004470369122716,19142612617954.6
0.004498989755572,20337170279253.3
0.004529660085266,16073409284367.5
0.004623585679009,21548422087224.3
0.004624451921035,21175133604259
0.004625318325354,20801845121293.7
0.004631484105845,18147349242429.5
0.004632930399192,17525201770820.7
0.004633798391978,17151913287855.4
0.004634666547385,16778624804890.1
0.004636837647569,15845403597476.9
0.004663115908017,21973599337585.9
0.00478411942189,23093594220768.4
0.004785140242332,22668460115169.1
0.004785837513168,22378124628418.3
0.004793613979657,19142957776052.6
0.00479492376114,18598578738394.9
0.004961032121441,20294103177577.8
0.004962142334276,19848230822924.9
0.005006703063703,19423139862087.8
0.005132934963702,21974073929970.6
0.005134030213313,21548939824371.2
0.005134992088585,21175651341406
0.005135954144067,20802362858440.7
0.005310794346144,23654044682363.3
0.005311982831102,23208172327710.4
0.005312978046307,22834883844745.1
0.005313973447968,22461595361779.8
0.005445883282428,25769475520120
0.005465728358176,18521457475877.5
0.005490329288904,26961967985465.8
0.005495846136232,24960726951790.8
0.005497018822694,24535592846191.5
0.005498048704923,24162304363226.2
0.005508214826529,20481265156207.4
0.005509390152183,20056131050608.1
0.005510422352216,19682842567642.8
0.005511454745634,19309554084677.5
0.005512487332474,18936265601712.3
0.005517251208404,17214990930261.2
0.005540382761262,26267279786931.5
0.005700590577834,21632410557732.7
0.005701658599814,21259122074767.4
0.005702726821892,20885833591802.1
0.005712349831137,17526237245114.6
0.005739094022184,22130163050829.5
0.005739613694293,25427553279308.6
0.005750932700899,18023989738211.5
0.005753039910114,26568171358845.5
0.005896370372748,23903421408153.8
0.005897689901811,23457549053500.8
0.005898794850915,23084260570535.6
0.005899900007033,22710972087570.3
0.005983068204203,29596157062898.8
0.005985310304161,28849580096968.3
0.005986431669198,28476291614003
0.005987366300546,28165217878198.6
0.005989423003181,27480855659428.9
0.006020358457779,17215422377883.7
0.006022426493452,16531060159114
0.006023554812313,16157771676148.8
0.00602449523951,15846697940344.4
0.006026564696198,15162335721574.7
0.006027693790363,14789047238609.4
0.006028634863758,14477973502805
0.006099540499578,25956680643511.9
0.006102969441093,24836815194616
0.006104271673628,24411681089016.7
0.006116704494265,20357353399032.7
0.00611794598458,19952957542486.9
0.006119155884183,19558930810468
0.006120302325573,19185642327502.7
0.006121448981752,18812353844537.5
0.006122340973968,18522018357786.7
0.006149641265197,27045481863589.5
0.006313455432349,26827859682813.2
0.006329014372495,21923263781630.4
0.006330200131473,21549975298665.2
0.006331386112608,21176686815699.9
0.006332572315939,20803398332734.6
0.006341112943419,18117795080290
0.00634279604549,17588969729422.5
0.00636219379082,25415619438071
0.006371735848026,22429311574348.7
0.006536811127578,27107998624086.1
0.006539260737619,26361421658155.6
0.006546615076935,24121690760363.9
0.006547841604029,23748402277398.6
0.006549068360917,23375113794433.3
0.006550295347641,23001825311468
0.006655641656391,25988219464714.8
0.006676871668656,19642315254305
0.006719884743702,18439525572369.5
0.006723452493732,17381874870634.5
0.006778043071339,24453675324270.9
0.006793297413162,19974213528687.5
0.006795843139088,19227636562757
0.00679697487903,18895824577898.9
0.00683592210004,24899590823686.1
0.006851306701655,20420129028102.8
0.007014731381902,25615189850323
0.007016045611928,25241901367357.7
0.007025142446686,22659989360181.2
0.007026714579888,22214117005528.2
0.007028031055,21840828522562.9
0.007029347776758,21467540039597.6
0.007030664745207,21094251556632.4
0.007031835590964,20762439571774.3
0.007271783733377,23458584527794.8
0.007273146122897,23085296044829.5
0.007284812560689,19891605690571
0.007320929949631,23948041721270.2
0.00752649667911,24412716563310.6
0.007590845900257,24837893813672.2
0.007594401816689,20426859611013.4
0.007788348135181,25823090078006.2
0.007789807304522,25449801595040.9
0.007791104573438,25117989610182.9
0.007802952136819,22090205248353.4
0.007804414042262,21716916765388.1
0.007805876221597,21343628282422.9
0.007807338674875,20970339799457.6
0.007840985542417,26312547271481.6
0.007855688244932,22579662441828.8
0.007913935102456,28726531235038.4
0.007915417800875,28353242752073.2
0.007916900777082,27979954269107.9
0.007918384031129,27606665786142.6
0.007919867563068,27233377303177.3
0.00806081949946,26860175109736.5
0.008072909165905,23873867246014.3
0.008074421648571,23500578763049
0.008075934414604,23127290280083.7
0.008356553256825,24620616790993.8
0.008358118881024,24247328308028.6
0.008431508517673,20738451083964.7
0.008645303190751,26487231784869.2
0.008646922913077,26113943301904
0.008648542938863,25740654818938.7
0.008650163268166,25367366335973.4
0.008651783901042,24994077853008.1
0.008661514076522,22754346955216.4
0.008663136836004,22381058472251.1
0.008664669721343,22028508238339.5
0.008666383267112,21634481506320.6
0.008744254099015,21199021420956.7
0.008966212234237,23418143503981.5
0.008967892079792,23044855021016.2
0.009029328336622,26829628618065.3
0.009042870578552,23843320754343.1
0.009263872027302,27897777878613.8
0.009265896940713,27462274648487.7
0.009281435988469,24123416550853.8
0.009344358903562,24571397246221.9
0.009405026024691,20950521971998.6
0.009456063150793,21759342448264.8
0.00960294356302,25824125552300.1
0.009604742702014,25450837069334.9
0.009606542178082,25077548586369.6
0.009617145933264,22879294186685.2
0.009620950128866,22091240722647.4
0.009624254993223,21406878503877.7
0.009684944966705,26270041051715.4
0.009703029555488,22552709908852.8
0.009784638069448,23252668959174.9
0.009839680724676,23667462703422.3
0.009940449327399,26550136848226.1
0.010007652501795,27035446391890.7
0.01012526241109,24621565975763.3
0.010305786099309,24186149035161.6
0.010663775814844,25700213795125.4
0.0106657737038,25326925312160.1
0.010667549919328,24995113327302
0.010754835871551,26146129294540.6
0.010860454462279,24061978409413.4
0.011036842541472,26737298826855.7
0.011038910325549,26364010343890.4
0.011111388581359,27235051319952.5
0.011434617456933,25742035451330.6
0.011824371510126,28510764279038.7
0.011827017646797,28064891924385.8
0.011829233472444,27691603441420.5
0.011838224133108,26177711260505.7
0.012252442090276,27204427167709.2
0.012255056478054,26779293062109.9
0.012257224930054,26426742828198.2
0.01267462218686,29257686403067.3
0.012677458598294,28811814048414.3
0.01289153892354,30222101273585.4
0.012906843257423,27857940881472
0.012909059863018,27515759772087.1
0.013141472494778,26738161722100.6
0.013143524206521,26427087986296.2
0.013222965576321,28330893765229
0.01370765913693,29631363188892.8
0.014077198387199,28791593536507.7
0.014080275405936,28356090306381.5
0.014191497163276,30067038998067.9
0.014197480203528,29227139911396.1
0.014564375720254,30554517285114.9
0.014688743758557,31000432784530.1
0.015090855705761,29351871419053.5
0.015093683020821,28978582936088.3
0.015353917619677,29694138817962.9
0.015616200920688,30720768435641.9
0.015620833595471,30129728337613.5
0.016151763730397,33085101406804.3
0.016154789809616,32711812923839.1
0.016157648293895,32359262689927.4
0.016166226781829,31301611988192.4
0.016169087289806,30949061754280.8
0.016275485927392,31791069181667.8
0.016414602136352,35698207077085.8
0.016417677459099,35324918594120.5
0.016420753358017,34951630111155.2
0.016429984512872,33831764662259.4
0.016713345648171,34536951419607.2
0.016716128990936,34205139434749.2
0.016722393207025,33458562468818.6
0.017628463607849,32650029624300.6
0.017631766351021,32276741141335.4
0.017634519109671,31965667405531
0.017638373693817,31530164175404.8
0.017641678293672,31156875692439.5
0.017644432599823,30845801956635.1
0.017934080864081,33178941264692.6
0.018556183818512,34786328145397.7
0.018559660372725,34413039662432.4
0.018562751189937,34081227677574.4
0.018567001904075,33624986198394.6
0.019202963978542,36072272165771.5
0.019207761102094,35574554188484.5
0.01923056380942,33210393796371
0.020228907315157,36694678505953.8
0.020580410570305,37145821712394.7
0.020934426393152,37939146028220.4
0.021052191241087,38353939772467.8
0.022040255611482,39702156066352.2
0.022044614345047,39308129334333.2
0.022832343044993,38903906056836.5
0.023248130516868,37721912150304.3
0.023654373740333,37981226552999.1
0.02366077537252,37442032077604.8
0.024084880104262,36819970895520.5
0.024090896787195,36322252918233.5
0.024101429599235,35451246457981.2
0.024107450416423,34953528480694.1
0.024542626463858,34082608309966.3
0.02454875749715,33584890332679.2
0.024557956918964,32838313366748.7
0.024562557922565,32465024883783.4
0.024566392750706,32153951147979
0.024868655463476,30971928478272
0.025008291709243,31407460471573
0.025024694362958,30100950781194.5
0.025030945822413,29603232803907.4
0.025041889634504,28732226343655.1
0.025048145389538,28234508366368.1
0.025059096721475,27363501906115.7
0.025065356775039,26865783928828.7
0.025076315631987,25994777468576.4
0.025082579987035,25497059491289.4
0.025099815033653,24128335053750
0.02511666981669,22790717989791.1
0.025133535917886,21453100925832.1
0.025150805977962,20084376488292.8
0.025257830085851,23215880858565.2
0.025535358602346,24626139320561.5
0.025570462989586,21888690445482.8
0.025612012216445,18653523593117
0.025628010659156,17409228649899.4
0.025645620488714,16040504212360.1
0.025663242418552,14671779774820.7
0.025766975840853,20544886422617.6
0.025784681157852,19176161985078.2
0.02584557550311,17953650832319.4
0.02598197498837,13261636365523.8
0.02599766337896,12058817920413.4
0.02662471392304,10939067524216.9
0.026629702139488,10565779041251.6
0.026634691290493,10192490558286.4
0.02664134494589,9694772580999.31
0.026651328545666,8948195615068.75
0.026734837782819,16625529930531.1
0.026753208148856,15256805492991.8
0.026771591137763,13888081055452.4
0.026789150319491,12581571365073.9
0.026955107248114,21142372348125.7
0.026973628968378,19773647910586.4
0.027009023964242,17160628529829.4
0.027027582732414,15791904092290
0.027046154252913,14423179654750.7
0.027083335585943,11685730779672
0.027247598354717,11229518063667
0.027392038415829,23879907512728.9
0.027398881265339,23382189535441.9
0.027410860365538,22511183075189.6
0.027417707916989,22013465097902.5
0.027436547505037,20644740660363.2
0.02745540003837,19276016222823.8
0.027465688697829,18529439256893.3
0.027472549946035,18031721279606.2
0.027541256769855,13054541506735.8
0.027662483227219,27488420374409.6
0.027681491008246,26119695936870.3
0.027761408632167,31967910933167.8
0.027768343754649,31470192955880.8
0.027780484388019,30599186495628.5
0.027787424275847,30101468518341.4
0.027799573251436,29230462058089.1
0.027806517907884,28732744080802.1
0.027817806674926,27923952367710.6
0.027836921183685,26555227930171.3
0.027855179103258,25248718239792.8
0.027862137650693,24751000262505.8
0.028239610329591,32714574188622.9
0.028317307740744,27239676438465.5
0.028698258781228,35389894606065.2
0.028709909573282,34581102892973.8
0.028717081642321,34083384915686.8
0.028729637074606,33212378455434.4
0.028859998772054,35783950101259
0.029679231628657,37971979192290.7
0.029690817156553,37194294852779.7
0.029698234267705,36696576875492.7
0.02984603432805,38397142061064.9
0.030705238592748,39807486812585.7
0.030712909118164,39309768835298.6
0.031585232600044,41466690552750
0.031784076383206,40554236357565.2
0.031790031220995,40180947874600
0.032321477023565,41923047084629.1
0.032332579679325,41238684865859.4
0.032881307547977,42483066098601.5
0.03368770849347,42893804235197.6
0.035029201556435,43914321678224.9
0.035225888755898,44349853671525.9
0.036466122631378,44956620035393.5
0.037092046838364,45822528222906.9
0.038388893995204,46901089752744.5
0.038400282377184,46310049654716.1
0.039322999023822,45366574375475.4
0.039772454466071,45905826377219.4
0.039798126564132,44620054935894.5
0.040509375247752,44101684999078.3
0.040523290504412,43417322780308.6
0.040769067760207,42961110064303.7
0.041262526570328,42173114126615.5
0.041756308169146,41654715426624.6
0.042017871695159,40804475978600.7
0.042028368247784,40306758001313.6
0.042055277634172,39031355684515.6
0.042292956444691,39394303806128.9
0.042813770804244,38191542887368.2
0.042822794852881,37771593344032.3
0.042843189521781,36822818449828.9
0.042853892248389,36325100472541.8
0.043627470006456,35454180301814
0.043638368655443,34956462324526.9
0.043657447842859,34085455864274.6
0.043665627190815,33712167381309.3
0.04368471829597,32841160921057
0.043695631246245,32343442943770
0.043714053032019,31503543857098.1
0.043745456185896,30072604672397.9
0.044495516390991,30974804795755.1
0.044545557999465,28735073897963.4
0.044556685997502,28237355920676.4
0.044576166683627,27366349460424.1
0.044619332803828,25437692298436.8
0.045048142207065,29564661386458.2
0.045108193632039,26910165507594
0.045390753530072,26059926059570.1
0.045399257617816,25686637576604.8
0.045421942975239,24691201622030.7
0.045430452906414,24317913139065.5
0.045463089081841,22886973954365.2
0.045494328231089,21518249516825.9
0.045525588845761,20149525079286.5
0.045556870940605,18780800641747.1
0.0456187874568,16074459140248.9
0.045853216078889,17453581465489.9
0.046051689920561,14643563100310.9
0.046236824957198,24038033066366
0.046655922503433,23447036113099.9
0.046687981286852,22078311675560.5
0.04672006209889,20709587238021.2
0.046735673006216,16566076448154.1
0.046752164954686,19340862800481.8
0.046767786588767,15197352010614.7
0.046784289869385,17972138362942.4
0.047027644401273,13430476201785.6
0.047060938171642,12020275266139
0.047091314798779,10734503824814.1
0.047355237302515,11190774067168.8
0.047599827773544,12518050769775.7
0.048143886013607,13057302771519.7
0.048179975734307,11564148839658.5
0.048207060777681,10444283390762.7
0.048216092508658,10070994907797.4
0.048223620243717,9759921171993.02
0.048237173128621,9199988447545.09
0.048458169065569,14003001444174.8
0.048756537264259,22638460123819.7
0.048790039447573,21269735686280.3
0.048823564651313,19901011248741
0.048857112891298,18532286811201.6
0.048890684183357,17163562373662.2
0.048924278543329,15794837936122.9
0.049481930062601,27989014669179.8
0.049494291223743,27491296691892.8
0.049512838755625,26744719725962.2
0.049522115127848,26371431242997
0.049529846765624,26060357507192.6
0.049546860617994,25375995288422.9
0.04955614336431,25002706805457.6
0.049563880314743,24691633069653.2
0.049580905857877,24007270850883.5
0.049593291744323,23509552873596.5
0.049627368888526,22140828436057.1
0.049661469448228,20772103998517.8
0.049695593439522,19403379560978.4
0.049729740878506,18034655123439.1
0.049763911781292,16665930685899.7
0.049798106164004,15297206248360.3
0.04981676754775,14550629282429.8
0.049900830353084,34376452904046.5
0.050114737810392,37445742527158.1
0.050127257054263,36948024549871.1
0.05014917325694,36077018089618.7
0.050161701103186,35579300112331.7
0.050180498740802,34832723146401.1
0.050214979373799,33463998708861.8
0.050227523659177,32966280731574.7
0.050249483699546,32095274271322.4
0.050262036604506,31597556294035.4
0.050284011734324,30726549833783.1
0.050296573264789,30228831856496
0.050318563494425,29357825396243.7
0.05033113365632,28860107418956.7
0.050385116267665,38316777750585.3
0.050892107432439,41552002129300.7
0.050904820872275,41054284152013.6
0.050927607061842,40162539442707.7
0.050939799210281,39685559714474.3
0.050962070665562,38814553254222
0.051081547946344,34148447217156
0.05143202711991,43708837557227.5
0.051464689550269,42443804364956.3
0.051613807433304,48271281112200.2
0.051626701162187,47773563134913.2
0.051649272938756,46902556674660.9
0.051662175527335,46404838697373.8
0.051684762813696,45533832237121.5
0.051697674268058,45036114259834.5
0.05172027707487,44165107799582.1
0.051754199815567,42858598109203.7
0.052867729335426,49129965428354.7
0.053400590568141,50013466611753.9
0.053410595321807,49640178128788.6
0.054266192109952,52751001776357.1
0.054279748435349,52253283799070
0.054303480154136,51382277338817.7
0.054317045794521,50884559361530.7
0.055178548476127,54306456744903.6
0.055188886335301,53933168261938.3
0.055198364407651,53590987152553.4
0.056107995742291,55799696966289.2
0.056120259926502,55364193736163
0.056138661229364,54710938890973.8
0.057058443232134,57106292946192.2
0.057072697094309,56608574968905.1
0.058039486247517,57915170948808.1
0.058680267234987,59221738165536.2
0.059009753975004,59657270158837.2
0.059048457800581,58350760468458.7
0.060444865079873,60466182677263
0.061027796535281,62208247371482.3
0.06103923026784,61834958888517
0.061065917308393,60963952428264.7
0.06317005415534,63017211663622.7
0.064242135923114,64261592896364.8
0.064720082809319,63403063901354.5
0.06536607848587,64479430800952.4
0.066501378995612,64946127694183.5
0.068846522662244,65444018250519.5
0.071281043267524,65755264565372.9
0.072579103861411,64573270658840.7
0.07259156850861,64231089549455.8
0.073829308817646,65319933914295.7
0.074782047757168,62955831048532
0.075201945182458,63391363041833
0.075251269281837,62084853351454.5
0.075270067923372,61587135374167.4
0.075302976846802,60716128913915.1
0.076644758796186,60301450222367.1
0.076652736028073,60094067731830.8
0.076681460938162,59347490765900.3
0.076700616858193,58849772788613.2
0.078080303450876,58103282112207.1
0.078099808818022,57605564134920.1
0.078133954936116,56734557674667.8
0.078153473706027,56236839697380.7
0.078187643287016,55365833237128.4
0.078259692388753,53530498195882.5
0.078661858094476,54909620521123.5
0.078699526145485,53955661064656.6
0.079668667268551,52752900145896
0.079688569427437,52255182168608.9
0.080787516006438,48149066382340.5
0.081127068981314,51384261997881.1
0.081147335465896,50886544020594
0.081182813997044,50015537560341.7
0.081203094407378,49517819583054.7
0.081289342687307,47402518179584.8
0.081309649709745,46904800202297.7
0.081345199206514,46033793742045.4
0.081714305792171,48605365387869.9
0.082798090981157,45536162054282.9
0.082834291241252,44665155594030.6
0.082851103884472,44260759737484.8
0.08289120934425,43296431156491.2
0.082911916531595,42798713179204.1
0.082971478514356,41367773994503.9
0.083028490883138,39999049556964.5
0.084405966979133,41990007755637.2
0.084421780678916,41616719272671.9
0.084463965031028,40621283318097.8
0.084479789596913,40247994835132.6
0.084519363983742,39314773627719.4
0.084540477903035,38817055650432.3
0.084577439954363,37946049190180
0.084598568381709,37448331212893
0.08463555583085,36577324752640.6
0.084656698776217,36079606775353.6
0.084693711640622,35208600315101.3
0.085207386314397,34752387599096.3
0.085648375053244,33740384055819.2
0.086265645779999,33342244189799.4
0.086297973039889,32595667223868.8
0.086319531276393,32097949246581.8
0.087877729749827,31227029075853.9
0.087899682627916,30729311098566.9
0.087938113361472,29858304638314.6
0.087960081324088,29360586661027.5
0.087998538464636,28489580200775.2
0.088020521522145,27991862223488.2
0.088059005087829,27120855763235.9
0.088075503194771,26747567280270.6
0.088114010799063,25876560820018.3
0.088136022702903,25378842842731.2
0.089727011601933,24507922672003.4
0.089749426452118,24010204694716.4
0.089794272952357,23014768740142.3
0.089816704605209,22517050762855.2
0.089850362591838,21770473796924.7
0.089937370781199,19841816634937.4
0.090924640210194,21272813345987.3
0.09149229210173,20464050396070.7
0.091509433444831,20090761913105.4
0.091552300854124,19157540705692.2
0.091575171682775,18659822728405.2
0.091615209381639,17788816268152.9
0.091638095925571,17291098290865.8
0.095075763160113,13465063919520.7
0.095792376510304,15891482203557.3
0.095852212841585,14647187260339.7
0.096609360784351,16358135952026.1
0.096672725763816,15051626261647.6
0.096737139091891,13724378322215.5
0.09841013326323,14336242958822
0.100010004664501,16980456002683.9
0.100075600087558,15673946312305.4
0.101602570942762,20277923891735
0.101627952445672,19780205914448
0.101672385333773,18909199454195.7
0.101697784277128,18411481476908.6
0.101739071093378,17602689763817.2
0.101758132199886,17229401280851.9
0.102152862258702,21107482617054.9
0.10325595432759,22891029562016.5
0.103281748864883,22393311584729.4
0.103320452753404,21646734618798.9
0.104878922354288,26592893307613.3
0.104929690747284,25628564726619.7
0.104955903403384,25130846749332.7
0.105001791309213,24259840289080.3
0.105028021976872,23762122311793.3
0.106743813307043,26250798487753
0.107761812476942,30522935319149.7
0.107908833495346,27806224693124.6
0.108298113801911,32223500504722
0.108325167929233,31725782527434.9
0.108365761792812,30979205561504.4
0.108440223389558,29610481123965
0.108467313017507,29112763146678
0.10851473615126,28241756686425.6
0.110129202898385,33592311231785.8
0.110154134952865,33141254314869.4
0.110311595055165,30294929632259.2
0.11136941485046,34463375218387.8
0.111921340563476,36205416902067.3
0.111949299814948,35707698924780.2
0.111994748496092,34898907211688.8
0.11517208361174,37118043676301
0.115665786169072,40187333299412.6
0.115694680826568,39689615322125.5
0.115741650040915,38880823609034.1
0.115763334570714,38507535126068.8
0.115779600634142,38227568763844.9
0.115821179847466,37512099171494.7
0.117653278957367,41016949551082.2
0.118950983964474,42344255016863.9
0.119617642808975,42800525259218.5
0.119697967282052,41462908195259.6
0.121765516678833,42116249329973.4
0.123739285467813,44853784494576.6
0.123789520595139,44044992781485.1
0.123820444655899,43547274804198.1
0.124436665439503,45247839989770.3
0.128018934107268,46658184741291.1
0.128050914724672,46160466764004
0.130206495137874,47674445234443.3
0.130232245085184,47280418502424.4
0.133580366463764,48867023989313.6
0.134723839458186,49271462990621.5
0.134770118049076,48587100771851.9
0.137072328619374,49613730389530.9
0.139455224975475,50049319909181.5
0.145354093144951,50964083787305.2
0.154776180188688,51014166227322.1
0.157602106578843,49738850200048.6
0.158492807659283,50101798321661.9
0.162352743240898,48525806446285.6
0.163264345703256,48961338439586.6
0.163363777797757,47748150869949.4
0.166268609620816,47406056050089.1
0.166294568299273,47094982314284.7
0.168342393903502,45892221395524
0.170271836149066,46369258650107.1
0.172368639606396,45166497731346.4
0.173617411016366,44693700168733.5
0.175523991990807,43797859583331.5
0.17556783992371,43300141606044.5
0.176673121430867,42387687410859.7
0.178787338460684,41869288710868.7
0.181997673019393,41185012781623.5
0.183101504620407,40728800065618.6
0.18321969193987,39443028624293.7
0.185315791695715,39961542376984.1
0.188710116541839,38572165979915.6
0.188757258521887,38074448002628.5
0.188881062258016,36767938312250
0.189945573575924,37161993807443.8
0.192284648224945,35959232888683.1
0.192329680629297,35492622284976.5
0.192470850468334,34030575726695.8
0.194834939165989,32890029555096
0.195798466412344,34652809487829.1
0.195835149816097,34279521004863.8
0.195926888396538,33346299797450.6
0.199451210783233,32599809121044.6
0.199488578539111,32226520638079.3
0.201987209347888,30608994738246.1
0.20303258919776,31915533191799.4
0.203241890465164,29862446535490.3
0.203292662651205,29364728558203.3
0.204304395117745,31065293743775.5
0.206962403576805,28493808387475.5
0.207006025961863,28073858844139.5
0.210737863839489,27249599733782.4
0.210790508606788,26751881756495.3
0.210882668596793,25880875296243
0.210918885330324,25538694186858.2
0.214662609709723,25258814114158.7
0.214729643320781,24636666642549.9
0.218564890337152,24139034954787.4
0.218660449374615,23268028494535
0.219986643879783,22811815778530.1
0.222649308333379,22023819840841.9
0.225574155101525,19203475495898.4
0.226626007042867,21526188153079.4
0.226725090491557,20655181692827.1
0.226781729053856,20157463715540
0.233635899099249,18788883093874.8
0.23508717193907,18042334891119.1
0.235145899446487,17544616913832.1
0.235296455657199,16269214597034
0.236626252649301,16632162718647.3
0.243757663920164,15429488089411.1
0.243818557417235,14931770112124.1
0.243913733961352,14154085772613.1
0.248268294800645,13672007771640.8
0.254227956181267,12775193552770.7
0.257256871279813,12360486098047.9
0.260430268128103,11116248681179.9
0.263587938838401,10286776245384.5
0.266489742870693,11655558209273.6
0.266600705833871,10826028247128.5
0.266742250624105,9768377545393.52
0.271125282547032,12070409479870.6
0.275692214074056,13563649701256.2
0.275761085192856,13065931723969.2
0.280248558218483,15679037394250.6
0.280353578796413,14932460428320.1
0.280423614378289,14434742451033
0.285122688081422,16099073227111
0.290004614595993,17047934410839
0.291763517623268,16591721694834
0.295000063522881,17794597666294
0.305415833152309,18209535226415.5
0.316150000602633,18935546522341.5
0.32165941412766,19288183045777.6
0.332966212347128,20003825217176.7
0.338757216480272,20423861050037.2
0.350662290271677,21155056908226.5
0.3530439924947,21578151704730.3
0.363652193480201,18231136370714.1
0.367621155556779,19786562576085.8
0.370014438016729,18448974275301.7
0.376446852676463,18884563794952.3
0.378288435205226,23071650794689.4
0.3788226751983,20259544223017.6
0.389205293388905,22026581105625.8
0.389290366565213,21591077875499.6
0.389351144504448,21280004139695.2
0.389440302646868,20823762660515.4
0.38971601145972,19413561724868.8
0.397813599634835,24805621531511.1
0.402025677430831,27003933457545.2
0.402096813242077,26651383223633.5
0.402245402142995,25915175382229.8
0.402335419300202,25469303027576.8
0.402389858051401,25199705789879.6
0.402561597751249,24349437578681
0.402632828390086,23996887344769.3
0.403635582570139,19040445820952.5
0.403711204853173,18667157337987.3
0.403774234245071,18356083602182.9
0.409794324263105,23644423400382.1
0.40990949386843,23084490675934.2
0.409986291586722,22711202192968.9
0.410050300676228,22400128457164.5
0.410447380144574,20471471295177.3
0.410524278637403,20098182812212
0.410588371720109,19787109076407.6
0.417400198134417,21778067275080.2
0.417478399257619,21404778792115
0.417543578052064,21093705056310.6
0.422890004126461,30519325540708.4
0.423055082656828,29741641201197.4
0.423160766732653,29243923223910.3
0.423345777396985,28372916763658
0.423451534091735,27875198786371
0.423742501246411,26506474348831.6
0.425266723143896,30944488409482.6
0.429751585541497,33225753331731.1
0.429930528673973,32396223369586.1
0.430046881663947,31857028894191.8
0.431095476595111,27004278615643.1
0.436445057752987,37207583439552
0.436635876459321,36336576979299.6
0.436744953175256,35838859002012.6
0.436908619342468,35092282036082
0.437017764192745,34594564058795
0.439778148920059,33640633365503
0.443838266227246,38514179419454.9
0.444018453721718,37705387706363.5
0.448113054577826,42599672009369.1
0.455007263654303,41158435608079.1
0.457700227811535,46788913370901
0.458261476497487,44346984544836.4
0.458386689415921,43802605507178.7
0.4591924469208,40303025979379.2
0.459313133878209,39779385190775.2
0.461122690040485,45855726679297.6
0.462071014580696,41761996316111.7
0.462566849133107,43102732746381.1
0.462680236793554,39136533985922.5
0.465235551893575,49028730558217.1
0.46532271510738,48655442075251.9
0.465409894651461,48282153592286.6
0.465497090528881,47908865109321.3
0.465584302742699,47535576626356
0.465846037433142,46415711177460.2
0.468408111738587,47079363910351.1
0.474353991703193,45130026025659.8
0.474442863282824,44756737542694.5
0.479196909794065,42278559925548.4
0.479548639960731,40816513367267.7
0.479648967763719,36921861566044.2
0.480335353038391,43346594133397.6
0.484326123469625,38452396119916.5
0.48441686335672,38079107636951.2
0.484500056520839,37736926527566.4
0.492023203924451,41812078756128.6
0.492361288876694,40443354318589.2
0.492515040641769,39821206846980.4
0.492607314745962,39447918364015.1
0.492684223038622,39136844628210.7
0.500201684325295,43740822207640.3
0.502926537104885,44508166185799.3
0.508674905102345,45047418187543.3
0.509151592191795,43180975772716.9
0.50937419901578,42309969312464.6
0.509676463957295,41127889116407.9
0.514403310288485,45918482174145.3
0.516952595603394,47660523857824.8
0.517081736369104,47162805880537.7
0.517291658923336,46354014167446.3
0.526580232173949,45669738238201.1
0.534765134126985,49713783093182.8
0.540708562701885,48556640569705.1
0.548877379225341,49978325202903.3
0.549130213396669,49060657682280.3
0.553467857766666,50771606373966.7
0.563318068728116,50398404180526
0.56418055149916,47349881569642.8
0.564956151045715,44612432694564.1
0.574024237666407,47661041594971.7
0.574409700825029,46323424531012.8
0.574705696927588,45296881202858.3
0.574804396186391,44954700093473.4
0.575100595677383,43928156765318.9
0.575208342421965,43554868282353.6
0.575531703790805,42435002833457.8
0.575639531304728,42061714350492.5
0.57573839093911,41719533241107.7
0.575927170116455,41066278395918.4
0.576035071722127,40692989912953.2
0.57612500516922,40381916177148.8
0.576322908179724,39697553958379.1
0.576430883928055,39324265475413.8
0.576520879171312,39013191739609.4
0.576718918167333,38328829520839.7
0.576826968109268,37955541037874.4
0.576917025191148,37644467302070
0.577097181537573,37022319830461.3
0.577205302348235,36649031347496
0.577304430886238,36306850238111.1
0.578697030683734,43098655566348.7
0.584660000422415,45856900216830.7
0.584714766720607,45670255975348.1
0.58511654302385,44301531537808.7
0.588098280618819,48084222681000
0.589563548770446,46603520327523.5
0.593821823388612,49652086083168.9
0.593970166980694,49154368105881.8
0.594601040786729,47039066702411.9
0.604012930037298,50523178832945.7
0.614110439351922,52265278042974.8
0.614263851276038,51767560065687.8
0.614494041022856,51020983099757.2
0.631947209636652,53177904817208.6
0.646314417431396,54754126797983.5
0.646462418005406,54297885318803.7
0.646691212829434,53592784850980.4
0.669106428448074,55252017354319.5
0.692983410489306,54941116197564.1
0.693221455187828,54256753978794.5
0.693697789923063,52888029541255.1
0.701509816774692,53759093527857.1
0.70245958598931,51063121150885.6
0.706087799694986,52390397853492.6
0.706396509252129,51519391393240.2
0.725564553823345,50337440631470.3
0.744647982101046,50773073295883.2
0.758279387391674,49404435147868.3
0.758468814394349,48906717170581.3
0.765654400822084,47506928504223.7
0.767291296950599,46729252793665.1
0.77129289717195,50275527897645.1
0.777589341986604,47986059717934.5
0.81024557636627,44842336750993.6
0.81356639259214,36692204872918.3
0.814468650030566,46076291332859.2
0.814786584449597,45298606993348.2
0.819063161167794,46459977703526.1
0.822891015647807,37169242127501.4
0.823447880411425,35821255939015.6
0.823790753708721,40788080968946.6
0.824343937642656,39450463904987.7
0.827993938829808,48036142157951.4
0.828200781337561,47538424180664.4
0.829676030620772,43992183592494.2
0.829857382664103,43556680362368
0.829948073550318,43338928747305
0.830246127679109,42623459154954.8
0.830427604335253,42187955924828.7
0.830518357538094,41970204309765.6
0.83081661646945,41254734717415.5
0.831374518342235,39917117653456.6
0.831945782486055,38548393215917.2
0.832145817658735,38069339662778.4
0.844059774869871,44521095232886.2
0.891151218736638,40674408902011.9
0.891744995475249,39347160962579.8
0.906209245287326,42063957878129.4
0.907115111061237,40073085968981.2
0.907285061676678,39699797486016
0.907681736948105,38828791025763.6
0.907851793722529,38455502542798.4
0.908007707087617,38113321433413.5
0.921473758922882,43557198099515
0.922495687263183,41348574575303.8
0.922682923619396,40944178718758
0.928451058386602,42437367166429
0.969341796606928,46979268061936.9
0.969523405570224,46605979578971.6
0.969674772363989,46294905843167.2
0.970007862500571,45610543624397.5
0.970189596253216,45237255141432.2
0.970341067055969,44926181405627.9
0.970674386069486,44241819186858.2
0.970856244697236,43868530703892.9
0.971341367628161,42873094749318.8
0.988103973386366,43557543257613
1.01193654345576,42437792861416.5
1.05293989927274,38642880245239.2
1.05344301414998,41168807608923.4
1.05367985726788,37243048434119.4
1.06129033149281,40291614189764.8
1.06150573860777,39887218333219
1.06193668400829,39078426620127.6
1.06985729353021,41660381772066.4
1.07196379620043,37740852700930.9
1.10971418339362,38332065378008.3
1.11046803571885,36978894627259.1
1.11807841810796,40758483662044.9
1.12526947977388,39576432229163
1.13737329049177,41442932170339
1.13758638063694,41069643687373.8
1.13815481622375,40074207732799.7
1.13886576015387,38829912789582.1
1.13964831140971,37461188352042.7
1.15404271519313,35636279961673.2
1.15483569502241,34267555524133.9
1.16051052871912,36092550204027.8
1.1613079527909,34723825766488.5
1.18035337675234,37088072448126.4
1.20408295368286,32204301085521.8
1.20436494577606,31737690481815.2
1.20459058699983,31364401998850
1.21066110527038,32940537690100.4
1.22446053215574,33542004439005.2
1.22599071883143,31053414552570
1.27965000856411,32640106328983.7
1.28983865661665,34226625526348.4
1.29766163943704,33770412810343.5
1.31197472974742,35097718276125.2
1.34180224267301,36673940256900.2
1.35776044062503,36300709300284.6
1.35826924890248,35554132334354
1.43170051606385,34973720229425.9
1.43934990798157,35948446698121.2
1.45716569578649,34621256285038.8
1.48348518621703,33729597865257.3
1.48385577805562,33231879887970.3
1.51057873882978,32443912713457
1.56455845936739,32037615611054.9
1.56528159917004,31116837353073.8
1.59316419275114,30712527786052.6
1.59383586011523,29872628699380.8
1.64818819879497,32610250153508.5
1.70609778673958,33356999698488
1.73716661240157,32175005791955.8
1.75094336458073,33823739736481.4
1.83003413644042,32735197384977.2
1.83129161169501,31366472947437.8
1.83174908962042,30868754970150.8
1.86144098664469,33606290134754
1.86272004255518,32237565697214.6
1.86479553118576,30018573048476.6
1.88825069258212,28297355903375.2
1.88958750172405,26887154967728.6
1.93134053436555,29707671891721.2
1.9471151267573,27409908412389.1
1.94926233466495,28691540832855.7
1.96708427958081,27945007011687.4
2.07056148038004,30122782030891.7
2.0708847466888,29811708295087.3
2.08616138376532,29077608794398.7
2.14581107081146,28546847681865.1
2.22260382069043,28038933159100.2
2.22314748419954,27551584306340
2.22343672109584,27292356193169.6
2.2828784587009,26888089770910.7
2.3010189481017,28505716341855.8
2.34445825740093,26017212744945.1
2.34606920999761,24648488307405.7
2.35867759915866,25561000028940.1
2.38784766342707,24254547864911.3
2.41737847757064,22948095700882.5
2.43092663571837,23404365943237.1
2.65392350335228,22409361436285.5
2.65439309773889,22056811202373.9
2.88047924133165,21476542913319.9
2.89665298694724,21912074906620.9
2.94931028413854,20792295747249.6
2.94986284587168,20419007264284.3
2.95032339306266,20107933528479.9
3.10979252965018,19548259672605.5
3.1105693919619,19050541695318.4
3.27880242157046,18428653092283.1
3.33736451393054,17931021404520.6
3.33882364737198,17060014944268.3
3.33944918554988,16686726461303
3.5202808405458,15940408363945.9
3.61467476807998,15380605073784.7
3.71136804033482,14945231277945.3
3.77828521709793,14115787605324.7
3.8456083843379,13701108913776.7
3.91502744889139,12830188743048.9
3.98464200160923,12488093923188.5
4.1288311325398,11212864185439.5
4.15205752343028,11627657929686.8
4.35267972886556,10342116593760.6
4.43014549851287,9968914400319.85
4.50983471873427,9222423723913.79
4.67091346124866,8849307819997.51
4.9238440987907,8102989722640.43
5.01147502881451,7729787529199.64
5.19209181739592,6734524153674.55
5.57030523744957,5739433357198.45
5.76926103495195,5366317453282.16
5.97644247360783,4619913066400.59
