1.15417163919973E-09,-0.000265386047417
1.66879232809611E-09,-0.000252755135369
2.41287148265347E-09,-0.000240124223321
3.48871977284585E-09,-0.000227493311272
5.04426602947818E-09,-0.000214862399224
7.29361168103387E-09,0.000580310927461
1.03705976437958E-08,0.001081456716291
1.49947376135597E-08,0.001289723231999
2.02755862106017E-08,0.002376053434709
2.20470803091479E-08,0.001400746078243
2.7417050170453E-08,0.004244926052056
3.35273237702508E-08,0.006305989478866
3.83401833825045E-08,0.007875667367066
4.53394760610828E-08,0.010033400330975
5.63839084335838E-08,0.013431881181822
6.62401143697487E-08,0.018967359249298
7.56275577747442E-08,0.022473772200486
7.88697335209057E-08,0.024529381369821
9.39021275350523E-08,0.028604572902536
1.05964730322656E-07,0.033460469626316
1.1797140148021E-07,0.035400936549682
1.37180763542596E-07,0.035895192750122
1.62213434853099E-07,0.036292205281099
1.85499232864277E-07,0.037861883169299
2.12106684472868E-07,0.0367904804081
2.42528847620791E-07,0.035523442043243
2.7732867608661E-07,0.035625852903999
3.17142802964465E-07,0.037488984197687
3.6265944613487E-07,0.03837393747308
4.14713250843493E-07,0.039552344153961
4.74224592183025E-07,0.039948208420206
5.4227580954732E-07,0.040344072686451
6.09784068568475E-07,0.040641545018501
7.62456507703323E-07,0.039997081437848
8.24516704528119E-07,0.041043150608404
9.75088641500872E-07,0.044570332797926
1.15320483978089E-06,0.049184379452221
1.43381984312334E-06,0.047028982888079
1.78286521305201E-06,0.047069052542778
2.25413657063282E-06,0.044599039416218
2.49214830338532E-06,0.039776805986822
2.80252434869824E-06,0.041280697874769
2.99627281834058E-06,0.036196468709096
3.17231902295506E-06,0.039132954814026
3.31307572481353E-06,0.034830464277677
3.57225583199908E-06,0.032191967223925
4.11899213822717E-06,0.030925215925251
4.18796172107778E-06,0.026817442380775
4.55393415977121E-06,0.026233406231627
4.7878087614766E-06,0.020952967329929
4.94956070664851E-06,0.013128691448296
5.03162450984695E-06,0.00471693462332
5.29442376592864E-06,0.021543318935101
5.38224493380324E-06,0.013327197713784
5.38564552388481E-06,0.030151859628468
5.57097617384458E-06,0.038500126982655
5.85937727199159E-06,0.043653586942775
6.26427281810001E-06,0.037786815362465
6.58477546960892E-06,0.027615486369289
6.58579113106357E-06,0.03172383404613
6.58656507351126E-06,0.034854003704676
6.70012395421986E-06,0.043755997803532
7.24673160433272E-06,0.049399503660076
7.6616197124379E-06,0.044249679871606
7.8801543881712E-06,0.049337162454019
8.74069761831327E-06,0.046434130495253
8.75840278123438E-06,0.036559272519941
9.13235768189831E-06,0.034180474673003
9.14629906648766E-06,0.030170002211228
9.52477390691122E-06,0.038779346689907
9.68824325957691E-06,0.045627166950342
9.853119005016E-06,0.048692698873367
1.14548445639152E-05,0.042991827624602
1.14564851919364E-05,0.046806721895955
1.22467137118762E-05,0.037809780657099
1.24561665924168E-05,0.043092516088261
1.37637818571694E-05,0.023532400516545
1.37668147851284E-05,0.029401468626318
1.40037397122458E-05,0.037488314376594
1.44746821015315E-05,0.025686114553892
1.52100633894458E-05,0.006417729990568
1.52158174655591E-05,0.016492963579012
1.52256547114405E-05,0.033708896701013
1.57485969710893E-05,0.040361655490155
1.6005241514658E-05,0.024515745726133
1.61827056136632E-05,0.050379117009287
1.7417442118163E-05,0.04466908356485
1.74194036737546E-05,0.047668829487623
1.838371241929E-05,0.054296192488449
2.05984904239195E-05,0.048587536961691
2.09508588601791E-05,0.053968090194682
2.27769186530279E-05,0.047808439341249
2.31549004775263E-05,0.039787953723592
2.31581034658952E-05,0.043472424259172
2.35557572743262E-05,0.050548486057209
2.47562265018317E-05,0.035290631368896
2.51657610191042E-05,0.025900696525624
2.5182770843898E-05,0.043899172062262
2.5191650098683E-05,0.0532896810379
2.6444784472473E-05,0.007121400971447
2.69423391162233E-05,0.057204689640545
2.71204187635529E-05,0.009469889413905
2.78247563071442E-05,0.022773971661273
2.78337494073664E-05,0.031381938222274
2.78427454142035E-05,0.039989904783275
2.7851744328595E-05,0.048597871344276
2.93004011079851E-05,0.059946458753602
3.03059031568565E-05,0.06584928106205
3.46482675031298E-05,0.061223831501044
3.46557751839586E-05,0.066995081808988
3.73116195013884E-05,0.056824573004906
3.87091745733958E-05,0.066920616841139
3.96181107023497E-05,0.060152428739846
4.02777405177772E-05,0.053566604215688
4.09622896468058E-05,0.056045229327736
4.45683573457478E-05,0.071307677074976
4.60963993001047E-05,0.076395351034845
4.61024935944871E-05,0.079916791900709
4.67723120191577E-05,0.017705244069478
4.67778085611719E-05,0.020835413728023
4.67833057491232E-05,0.023965583386569
4.67888035830875E-05,0.027095753045115
4.67943020631408E-05,0.030225922703661
4.68562045064235E-05,0.0654403313623
4.70270660190029E-05,0.073109361852211
4.72319789077162E-05,0.010349689851315
4.7556295953681E-05,0.014053953600207
4.75963626290639E-05,0.036486836153118
4.76019560110374E-05,0.039617005811664
4.76180406459442E-05,0.048616243579983
4.76334310345316E-05,0.057224210140984
4.79903721666336E-05,0.032867864551607
5.22519767912627E-05,0.066911330250122
5.30012998442221E-05,0.074161194673794
5.72148729813758E-05,0.028472091859119
5.72236980265709E-05,0.03258043953596
5.72304227841642E-05,0.035710609194506
5.72371483320309E-05,0.038840778853051
5.72438746702638E-05,0.041970948511597
5.72506017989559E-05,0.045101118170143
5.90741117288558E-05,0.076716865159714
6.33682665486055E-05,0.070830644845511
6.4791779630941E-05,0.067342575423411
6.77772589043269E-05,0.076799827286577
7.10951457759023E-05,0.010546291911123
7.11184722953995E-05,0.019284682207896
7.11268299252465E-05,0.022414851866442
7.11351885372573E-05,0.025545021524988
7.11435481315472E-05,0.028675191183534
7.11519087082315E-05,0.031805360842079
7.11602702674258E-05,0.034935530500625
7.11686328092453E-05,0.038065700159171
7.11769963338058E-05,0.041195869817717
7.11853608412227E-05,0.044326039476262
7.12038359441451E-05,0.051238497472218
7.12275468725154E-05,0.060107311504764
7.12983779468456E-05,0.08658332986663
7.13067567186661E-05,0.089713499525176
7.13151364751348E-05,0.092843669183722
7.13235172163673E-05,0.095973838842267
7.13318989424793E-05,0.099104008500813
7.13402816535868E-05,0.102234178159359
7.13486653498053E-05,0.105364347817905
7.13570500312508E-05,0.10849451747645
7.13654356980389E-05,0.111624687134996
7.13738223502853E-05,0.114754856793542
7.13822099881061E-05,0.117885026452088
7.1390598611617E-05,0.121015196110633
7.13989882209337E-05,0.124145365769179
7.14073788161723E-05,0.127275535427725
7.15840195652441E-05,0.01451140313156
7.36789875347152E-05,0.068586002594724
7.49468089658414E-05,0.076607636477113
8.13026713363282E-05,0.0127028766103
8.13156099184243E-05,0.016941648022914
8.1325165885342E-05,0.020071817681459
8.13347229752484E-05,0.023201987340005
8.15464611443837E-05,0.09245699103533
8.15572422064106E-05,0.095978431901194
8.15668265692309E-05,0.09910860155974
8.1576412058377E-05,0.102238771218285
8.1585998673981E-05,0.105368940876831
8.43187750006761E-05,0.090110512056152
9.01387629581839E-05,0.082287384439251
9.16790399512976E-05,0.087178848663095
9.57343489922168E-05,0.079394044381614
0.000104124681881,0.055294646948131
0.000104135898545,0.058163969135132
0.000104148136284,0.061294138793678
0.000104160375461,0.064424308452223
0.000104172616076,0.067554478110769
0.000104768400582,0.070652233212827
0.000104833825023,0.087281259523851
0.000105961261416,0.074597933974863
0.000108364799601,0.076815902992821
0.000109163143632,0.08100834055653
0.000113786218505,0.037886140261755
0.000113803769335,0.041994487938597
0.000113817143213,0.045124657597142
0.000113830518663,0.048254827255688
0.000113843895684,0.051384996914234
0.000115781588904,0.054515740705145
0.000115808803114,0.060776080022237
0.000115836023721,0.067036419339328
0.000115849636423,0.070166588997874
0.000117835314612,0.076427502447332
0.000119071818118,0.056864324836331
0.000119103304599,0.063907206568059
0.00011914471616,0.073167291807924
0.00011984094424,0.079558246238243
0.0001198849602,0.089340026421199
0.000123936989537,0.081907021746884
0.000128896614422,0.010990550751371
0.000129752484004,0.142633805866823
0.000130111034214,0.03756467398125
0.000130153724015,0.046303064278024
0.000130644705095,0.14659891708726
0.000130660058069,0.149729086745806
0.000130675412848,0.152859256404352
0.000130690769431,0.155989426062898
0.000130706127819,0.159119595721443
0.000130721488011,0.162249765379989
0.000130736850009,0.165379935038535
0.000130752213812,0.168510104697081
0.000130767579421,0.171640274355626
0.000130782946835,0.174770444014172
0.000130798316055,0.177900613672718
0.000130813687082,0.181030783331264
0.000132192689516,0.013925946004807
0.000132206767932,0.016762662257864
0.000132267467919,0.028989887486558
0.000132397216448,0.055107240575049
0.000132441953284,0.064106478343369
0.000132484759185,0.072714444904369
0.000132570412496,0.089930378026371
0.000132612772936,0.098440526785542
0.000132783325298,0.132676757425886
0.000133180899998,0.020983047764953
0.000133995453408,0.106872765782669
0.000134038367635,0.115402478102206
0.000134081689505,0.124010444663207
0.000135069664799,0.140991844713764
0.000141710495503,0.080150894372879
0.000145367333152,0.014744347770126
0.000146202476809,0.018526827484991
0.000146770526331,0.121822426217001
0.000146787774364,0.124952595875546
0.000146805024424,0.128082765534092
0.00014682227651,0.131212935192638
0.00015035866554,0.021136259087722
0.000150374862685,0.024005581274722
0.000150438195544,0.035222022551178
0.00015048829157,0.044090836583724
0.000150854202853,0.108781009527003
0.000150871930787,0.111911179185549
0.000150889660805,0.115041348844095
0.000150907392906,0.11817151850264
0.000151642145744,0.098738573249958
0.000151682801891,0.105879272783515
0.000152509978248,0.027527500584225
0.000152652296221,0.052373222248931
0.000155898766187,0.092087919612824
0.000162073918541,0.085144195325113
0.0001621733418,0.101479768230648
0.000164483630168,0.031834067460371
0.000164522291687,0.038094406777463
0.000164541625853,0.041224576436009
0.000164580301004,0.0474849157531
0.000164638330775,0.056875424728737
0.000164657678578,0.060005594387283
0.000164677028656,0.063135764045829
0.000164696381007,0.066265933704375
0.000164715735632,0.06939610336292
0.000164735092532,0.072526273021466
0.000164754451707,0.075656442680012
0.000164773813156,0.078786612338558
0.000164793176881,0.081916781997103
0.000165011175651,0.117131190655743
0.000167197877507,0.021368136796975
0.000171957861493,0.025053564219831
0.000172119591785,0.050094921488197
0.000173433357507,0.103829692004021
0.000173453738876,0.106959861662567
0.00017347412264,0.110090031321113
0.000173494508799,0.113220200979658
0.000174400279765,0.028705907265106
0.00017444127217,0.034966246582197
0.000174502778845,0.044356755557835
0.000174564307207,0.053747264533472
0.000175150167009,0.098352239580986
0.000175296617062,0.090852913049544
0.000185339688934,0.086713873213312
0.000190654424497,0.095746673802851
0.000191206917563,0.024013810505299
0.000191229387627,0.027143980163845
0.000191251860332,0.030274149822391
0.000191319294293,0.039664658798028
0.000191454233555,0.058445676749303
0.000191476732683,0.061575846407848
0.000191499234455,0.064706016066394
0.000191521738871,0.06783618572494
0.000191544245932,0.070966355383486
0.000191566755638,0.074096525042031
0.00019158926799,0.077226694700577
0.000191611782987,0.080356864359123
0.000191634300629,0.083487034017669
0.000191772278944,0.102659323176261
0.000195034451356,0.105529219495627
0.000195054506091,0.108268117946855
0.000195077428312,0.111398287605401
0.000197817715162,0.036535637404214
0.000197864211785,0.042795976721306
0.000197887464195,0.045926146379851
0.000197910719337,0.049056316038397
0.000197933977212,0.052186485696943
0.00019795723782,0.055316655355489
0.000198213284992,0.089748521599492
0.000198278804746,0.098552123764152
0.000200010995105,0.032623308085942
0.000211935929757,0.087109737479557
0.000218770394849,0.039669251856955
0.000218924695624,0.058450269808229
0.000218950422999,0.061580439466775
0.000218976153397,0.064710609125321
0.000219001886818,0.067840778783867
0.000219027623264,0.070970948442412
0.000219053362734,0.074101118100958
0.000219079105229,0.077231287759504
0.00021910485075,0.08036145741805
0.000219130599296,0.083491627076595
0.000226655221886,0.089948750262078
0.000228356577877,0.097821000370803
0.000233750518114,0.018151631983916
0.00023451313938,0.104916022206731
0.000234545005092,0.108535280874425
0.000234572568119,0.111665450532971
0.000234615641832,0.116556340624448
0.000237722112107,0.020499833360191
0.000237748884416,0.023499579282964
0.000237776823953,0.02662974894151
0.000237804766773,0.029759918600056
0.000237832712877,0.032890088258602
0.000237893274035,0.039672122518784
0.000237916570895,0.042280597234239
0.000237944530138,0.045410766892785
0.000237972492666,0.04854093655133
0.000238000458481,0.051671106209876
0.000238061062354,0.058453140470059
0.000238618875225,0.120795686169428
0.000238646917001,0.123925855827974
0.000238674962072,0.12705602548652
0.000238703010438,0.130186195145065
0.000238731062101,0.133316364803611
0.00023875911706,0.136446534462157
0.000238787175317,0.139576704120703
0.00023881523687,0.142706873779248
0.000238843301722,0.145837043437794
0.000238871369871,0.14896721309634
0.000238899441319,0.152097382754886
0.00023986699293,0.036542239926421
0.00024003617333,0.055323257877696
0.000240318405872,0.086624954463153
0.000242105895678,0.060801341846334
0.000242134347237,0.063931511504879
0.000242162802141,0.067061681163425
0.000244930966274,0.10196341733563
0.000245121840372,0.092951175469225
0.000249048134117,0.069801536501929
0.000249076181964,0.072801282424702
0.000249105452651,0.075931452083248
0.000249134726778,0.079061621741794
0.000252673333291,0.082713964787069
0.000262168731218,0.098105209561711
0.000274604355515,0.112296881308919
0.000276669215132,0.043981272990577
0.000276731196982,0.04994815890218
0.00027712067913,0.087412377002899
0.000277153245522,0.090542546661445
0.000277185815741,0.093672716319991
0.000277309006486,0.105508670341367
0.000277334465943,0.107954115387106
0.000281440298886,0.052981084891262
0.000283735716344,0.046134125829376
0.000286230586109,0.056111828682173
0.00028626422307,0.059241998340719
0.000286297863984,0.062372167999265
0.000286331508852,0.065502337657811
0.000286365157673,0.068632507316356
0.000286398810448,0.071762676974902
0.000286432467179,0.074892846633448
0.000286466127864,0.078023016291994
0.000286499792506,0.081153185950539
0.000286533461103,0.084283355609085
0.000296440083421,0.096805182508
0.000296474920172,0.099935352166546
0.000316882835147,0.087416970061826
0.000316920074269,0.090547139720372
0.000316957317767,0.093677309378918
0.00031711448696,0.106882712625907
0.000322107895476,0.076618458872209
0.000325773004194,0.080375045217374
0.000330954684074,0.084053530423041
0.000338961801431,0.095831597548631
0.000342819857501,0.099679480508838
0.000344834960999,0.106983401089566
0.000348654862614,0.102810224299749
0.000350711991617,0.110701051691455
0.00035075320624,0.113831221350001
0.000350794425706,0.116961391008547
0.000350835650016,0.120091560667092
0.000350876879171,0.123221730325638
0.000352640079,0.033523093114119
0.000353462226539,0.127442115832727
0.000353846885206,0.050119609179928
0.0003616562739,0.036360670565725
0.000361698774663,0.039490840224271
0.000361741280419,0.042621009882817
0.000361876800858,0.052598425669431
0.000361911353403,0.055141688517
0.000361953884141,0.058271858175545
0.000361996419878,0.061402027834091
0.000362038960613,0.064532197492637
0.000362081506347,0.067662367151183
0.00036233688577,0.086443385102457
0.00036474941217,0.071882752658272
0.000365006673292,0.090663770609546
0.00036544719435,0.046260176590296
0.000374542359712,0.076075846373256
0.000374586374808,0.079206016031802
0.000378422214705,0.082727801377085
0.000387577192156,0.094466741381944
0.000391989547216,0.098379836210037
0.000394349661625,0.109466045128175
0.000399889160488,0.034603394926988
0.00039993027974,0.037342293378216
0.000399977278349,0.040472463036761
0.000400024282481,0.043602632695307
0.000401055353767,0.112172911777825
0.000401101011669,0.115205263634541
0.000401148147858,0.118335433293087
0.000401195289587,0.121465602951633
0.000401242436856,0.124595772610179
0.000401289589665,0.127725942268724
0.000401336748016,0.13085611192727
0.000401383911908,0.133986281585816
0.000404956080154,0.102137149789532
0.00040549416398,0.137508066931099
0.000413703301122,0.04637528534521
0.000413751411837,0.049472849069812
0.000413800034664,0.052603018728358
0.000413848663204,0.055733188386904
0.00041389729746,0.058863358045449
0.00041394593743,0.061993527703995
0.000413994583117,0.065123697362541
0.00041404323452,0.068253867021087
0.000414335263029,0.087034884972361
0.000414627497508,0.105815902923636
0.000418283120605,0.07177565236637
0.000418578139544,0.090556670317645
0.000425869794821,0.074384739489682
0.000428301761419,0.077254253054137
0.000428352094159,0.080384422712683
0.000432739777127,0.08398446229943
0.0004361743561,0.115990676711007
0.000436586725668,0.141162457715146
0.000436638032032,0.144292627373691
0.000436689344426,0.147422797032237
0.000436740662849,0.150552966690783
0.00043974728139,0.154726755888457
0.000443852505577,0.134380997587329
0.000443904665794,0.137511167245875
0.000445640305746,0.092645593517508
0.000446422135383,0.096819207741508
0.000449845033196,0.045171736451141
0.000449897897637,0.048301906109687
0.000450003645157,0.054562245426778
0.000450056528238,0.057692415085324
0.000450109417533,0.06082258474387
0.000451287813339,0.130468859646513
0.000457545355668,0.050845743089621
0.00045777391909,0.06414896413844
0.000458416524344,0.10151536443733
0.000458583210535,0.111199326818456
0.000458756695854,0.1212745604069
0.000458810607567,0.124404730065446
0.000458864525615,0.127534899723992
0.00046126352897,0.117622887182719
0.000465616805316,0.070214241984239
0.000469469524234,0.066497452580898
0.00047354189011,0.07334498577515
0.000473597539335,0.076475155433696
0.000473653195099,0.079605325092242
0.000473708857404,0.082735494750788
0.00047376452625,0.085865664409333
0.000473823681567,0.089191469671538
0.000474098676736,0.104646682360608
0.000506792911032,0.095258469914434
0.000506852467817,0.09838863957298
0.000508425807204,0.091658889633579
0.000524191584578,0.101519957496257
0.000524314794667,0.107780296813348
0.000524376410571,0.110910466471894
0.000529781925852,0.116232099370842
0.00054212386205,0.104651275419534
0.000559289780302,0.042146848315181
0.000559353452306,0.045179200171897
0.000559419185848,0.048309369830443
0.000559484927115,0.051439539488988
0.000559550676108,0.054569709147534
0.000559616432828,0.05769987880608
0.000559682197275,0.060830048464626
0.00055974796945,0.063960218123171
0.000559813749355,0.067090387781717
0.00055987953699,0.070220557440263
0.000559945332356,0.073350727098809
0.000560011135454,0.076480896757354
0.000560076946286,0.0796110664159
0.000560142764851,0.082741236074446
0.000560208591151,0.085871405732992
0.000560274425186,0.089001575391537
0.000560945550465,0.120890178787972
0.000561011471106,0.124020348446518
0.000561077399494,0.127150518105064
0.000561143335629,0.130280687763609
0.000564025973708,0.117955836110541
0.000565277978097,0.134501073270699
0.000579436819219,0.091937257711156
0.000579504912898,0.095067427369702
0.000580459065066,0.138889802589342
0.000580527278877,0.142019972247888
0.000584141234937,0.039468133289202
0.000585441739702,0.09870659407718
0.000586474579465,0.145659138955367
0.000589713385205,0.113783807585455
0.000599417466462,0.102111457366161
0.000599540744948,0.107589254268616
0.000599611201181,0.110719423927162
0.000623064449531,0.150591223044093
0.000623382411689,0.104656059855916
0.00063181427031,0.164912208537833
0.000632860127128,0.030393397114775
0.000635033521141,0.121716096902848
0.000639559592894,0.043031801590573
0.000639634752022,0.046161971249119
0.000639709919982,0.049292140907665
0.000639785096776,0.052422310566211
0.000639860282404,0.055552480224756
0.000639935476868,0.058682649883302
0.000640010680169,0.061812819541848
0.000640085892307,0.064942989200394
0.000640161113284,0.068073158858939
0.0006402363431,0.071203328517485
0.000640311581758,0.074333498176031
0.000640386829257,0.077463667834577
0.000640462085599,0.080593837493122
0.000640537350785,0.083724007151668
0.000641530738254,0.12500311952374
0.000641606129024,0.128133289182286
0.000641681528655,0.131263458840832
0.000642285044773,0.156304816109198
0.000643970614265,0.034787404350239
0.000645258341939,0.088000288545517
0.00064581372354,0.153435685299653
0.000646412987454,0.13562358406482
0.000647020953617,0.160664941333186
0.000650281297348,0.039445722989189
0.000653389863769,0.166478441631837
0.000653466648189,0.169608611290383
0.000653543441632,0.172738780948929
0.0006536202441,0.175868950607474
0.000655444550831,0.026892725487246
0.000657267191206,0.145506534572527
0.000658117331406,0.17993840081653
0.000658870493598,0.09135475258165
0.000662634653214,0.094289478013992
0.000663769551456,0.139872573666564
0.000663818303013,0.141828929703155
0.000670176746851,0.098137360974198
0.000685529512557,0.106224398101929
0.000688162717314,0.11905820852844
0.000690581387604,0.110472731552398
0.000692339946979,0.101685996576457
0.000716297985934,0.114990365890008
0.000722065840231,0.150048495718667
0.000732153259093,0.073164277613003
0.000732239299551,0.076294447271549
0.00073232535012,0.079424616930094
0.000732411410802,0.08255478658864
0.000733563445139,0.12442080577169
0.000733628098823,0.126768433015599
0.0007337143126,0.129898602674145
0.000733800536509,0.13302877233269
0.000739212013268,0.137416845500059
0.000740747702021,0.086402669548847
0.000743665826735,0.042319638235116
0.000743731370808,0.044667265479025
0.000743818771891,0.047797435137571
0.000743906183245,0.050927604796117
0.000743993604872,0.054057774454662
0.000744081036772,0.057187944113208
0.000756743901681,0.060253476036233
0.000756832831958,0.063383645694779
0.000756921772685,0.066513815353325
0.000757561341778,0.089011909774122
0.000757633674882,0.091555172621691
0.000759059488587,0.141637887158423
0.000759416361079,0.154158565792606
0.000759505605415,0.157288735451152
0.000759594860239,0.160418905109697
0.000763217708152,0.09583145401554
0.000764678420104,0.070231236302267
0.00076682903144,0.145042291141511
0.000767369883022,0.163823309092785
0.000783713013523,0.100164287447423
0.000783805113129,0.103294457105969
0.000783897223559,0.106424626764515
0.000788406548354,0.110402742083039
0.000810898475024,0.115620648401225
0.000811166518956,0.124424250565885
0.00081469745673,0.150835171886337
0.000816424112694,0.147705078778774
0.00082334483302,0.074929016972496
0.000823441590039,0.078059186631042
0.000832135329623,0.060191517585087
0.000834416008774,0.133098385882048
0.000836903701594,0.063582726092633
0.00083700205201,0.066712895751179
0.000837457073049,0.081189930421953
0.000838906793658,0.127262115083673
0.000838989974674,0.129903195733071
0.00084017388676,0.16746523163562
0.000841810676751,0.070495375466044
0.000843632088941,0.085550055645941
0.000846267708301,0.136750728927323
0.000866245927235,0.088625231625731
0.000866328637708,0.091168494473299
0.000867901638046,0.139490488577099
0.000868398968125,0.15475006566251
0.00086850101977,0.157880235321056
0.000868603083409,0.161010404979601
0.000872711960736,0.095388879980388
0.000873532766247,0.120430237248754
0.000874288295582,0.14345934259377
0.000877505487514,0.164766953049276
0.00089614948473,0.099777609299032
0.000896254797533,0.102907778957578
0.000896360122712,0.106037948616123
0.000896465460269,0.109168118274669
0.000905649437928,0.112807284982148
0.000933548956072,0.14718797689461
0.000933667806854,0.150578994024701
0.000936647667832,0.116408128354207
0.000943394795236,0.129026854443166
0.000957600493575,0.080705434471732
0.000959444909122,0.131961962630419
0.000964658860434,0.084995689837271
0.000966514842831,0.136196322109198
0.000990581296978,0.089803638306612
0.000990697707125,0.092933807965158
0.000990814130952,0.096063977623704
0.000991746014248,0.12110533489207
0.000992000978646,0.127952581020139
0.000992489236203,0.141060166465299
0.000992605870566,0.144190336123845
0.000993072545096,0.156711014758028
0.000993189248007,0.159841184416574
0.000993305964633,0.162971354075119
0.000998533320189,0.153972307684255
0.000999002781515,0.166492986318438
0.001023735148886,0.073860484873127
0.001024694232272,0.098804024339663
0.001024814651268,0.101934193998209
0.001024935084417,0.105064363656754
0.001025055531718,0.1081945333153
0.001034214605088,0.07728445241658
0.001035552306746,0.111716318660584
0.001039938275277,0.045722138012524
0.001040050300957,0.048591460199524
0.001040172524553,0.05172162985807
0.001040294762513,0.054851799516616
0.001040417014838,0.057981969175161
0.001040539281529,0.061112138833707
0.001054355444811,0.114847100726986
0.001058379445397,0.067503476018937
0.00105850382298,0.070633645677483
0.001060947693317,0.132063225226443
0.001061563440274,0.147518437915513
0.001063947171834,0.117977576589461
0.001068937942985,0.064060633873956
0.001072438789465,0.151157604622992
0.001091580278417,0.086676798615788
0.001095100587476,0.083155472576398
0.001097238043767,0.135096725347891
0.0011010684889,0.138637844600594
0.001101122401331,0.080416765502625
0.001115480789121,0.127891388078813
0.001132746327354,0.090590773780175
0.001132912725993,0.094503485853358
0.001134078201088,0.121892470365633
0.001134211474561,0.125022640024179
0.001135561750877,0.156715607816954
0.001135695198693,0.1598457774755
0.001135828662191,0.162975947134046
0.001141258310642,0.141195374637454
0.001141794874249,0.153716053271637
0.001142365249493,0.167019274320456
0.001146523034059,0.144743053352436
0.001170602428963,0.073375988922906
0.001171703407255,0.098417346191271
0.00117184110233,0.101547515849817
0.001171978813587,0.104677685508363
0.001172116541027,0.107807855166909
0.001174891748849,0.170802519545142
0.001175029818609,0.173932689203688
0.001175167904593,0.177062858862234
0.001175306006806,0.180193028520779
0.001175444125247,0.183323198179325
0.001182197119088,0.18710567789419
0.001183929099507,0.077289083750998
0.001185460448911,0.111720949995001
0.001193135274164,0.134806142604232
0.00121007022394,0.063790992608341
0.00121020353954,0.066725526663227
0.001212356395632,0.114069342748732
0.001214022588964,0.150653200632985
0.001220689373998,0.147718857955554
0.001221275241479,0.117982300878642
0.001222603450837,0.070403820491438
0.001252173921256,0.08198625201337
0.001252321072985,0.085116421671915
0.001252468242006,0.088246591330461
0.00126380195994,0.136876258868168
0.001271860314915,0.051076400767596
0.001271991096018,0.053815299218824
0.001272140576601,0.056945468877369
0.001272290074752,0.060075638535915
0.001278584886992,0.191542764194837
0.001278735142458,0.194672933853382
0.001278885415582,0.197803103511928
0.001279035706366,0.200933273170474
0.001279186014811,0.20406344282902
0.00127933634092,0.207193612487566
0.001279486684695,0.210323782146111
0.001279637046137,0.213453951804657
0.00127978742525,0.216584121463203
0.001279937822035,0.219714291121749
0.001280088236494,0.222844460780294
0.001294553584913,0.07572706096101
0.001295295397588,0.09098663804642
0.00129681839517,0.122288334631878
0.001296970793383,0.125418504290424
0.001297142262781,0.128939945156288
0.001297723522122,0.140873716979493
0.001298333647987,0.153394395613676
0.001298486224269,0.156524565272222
0.001298638818481,0.159654734930768
0.001298791430625,0.162784904589314
0.001308559483252,0.094508423391704
0.001311006695138,0.144278120962581
0.001312085534485,0.166189308572402
0.001315814349684,0.063206956459193
0.001315968980246,0.066337126117738
0.001316123628978,0.069467295776284
0.001316278295885,0.07259746543483
0.001319239800846,0.132461960154517
0.001332293681462,0.097117510515016
0.001335886303322,0.168850565190022
0.001338898480066,0.080032192506242
0.001339901860701,0.099987024079471
0.001340059321954,0.103117193738017
0.001340216801712,0.106247363396562
0.001343508420367,0.171589655018705
0.001343666305452,0.174719824677251
0.001343824209092,0.177849994335797
0.001343982131288,0.180980163994342
0.001344140072042,0.184110333652888
0.001344298031358,0.187240503311434
0.001355474439431,0.110160458224655
0.001386207333308,0.112117579771067
0.001386360054247,0.115052113825954
0.001395755755882,0.146158366185208
0.001402146440372,0.119030420521933
0.001403774452662,0.149940845900073
0.001431913429915,0.08336029429791
0.001434803126033,0.137062267502336
0.001436917499518,0.086999231352443
0.001476317806268,0.09326048928132
0.001478053648496,0.124562185866777
0.001484633590922,0.153594624276262
0.001484808060614,0.156724793934808
0.00148498255081,0.159854963593354
0.001489380645546,0.089817608860848
0.001490165513032,0.163376519285691
0.001500657040145,0.141922082679512
0.00152247856913,0.080036594187713
0.001531997709115,0.09725271868717
0.001532177744897,0.100382888345716
0.001532357801836,0.103513058004262
0.001532575398869,0.107295346341671
0.001536008510945,0.166898993589813
0.001536189018065,0.170029163248359
0.001536369546397,0.173159332906905
0.001536550095944,0.17628950256545
0.001536730666709,0.179419672223996
0.001536911258694,0.182549841882542
0.001563124008132,0.186593551823863
0.001585058202519,0.111339630415358
0.001585244473811,0.114469800073903
0.001585430766994,0.117599969732449
0.001587085078625,0.145380225452043
0.001603487883104,0.121643488296315
0.001603892264924,0.128360310688611
0.001605153177106,0.149293320280136
0.001637344870193,0.082973616149519
0.001640582869358,0.135599593533819
0.001644612197428,0.200941885155962
0.001649419614312,0.087361689316887
0.001671785760701,0.191030255369599
0.001671982223956,0.194160425028145
0.001672178710299,0.197290594686691
0.001675584863108,0.072918749906752
0.001692748162334,0.0765187894935
0.001693743029604,0.092169637786228
0.001693942073211,0.095299807444774
0.001697616134014,0.153012310524211
0.001697815632778,0.156142480182757
0.001698015154985,0.159272649841303
0.001699225260433,0.178249303396237
0.001699424948296,0.181379473054782
0.001699624659626,0.184509642713328
0.001699824394425,0.187639812371874
0.001702613143713,0.142017704425043
0.00171734192764,0.163120532801509
0.001720978262434,0.070650295516092
0.001721559778601,0.079649533284411
0.001751897241602,0.098528943169881
0.001752096685274,0.101561295026597
0.001752302586428,0.104691464685143
0.00175250851178,0.107821634343689
0.001756296700786,0.165338501819467
0.001756477294846,0.168077400270695
0.001756683710797,0.17120756992924
0.001756890151005,0.174337739587786
0.001780453298722,0.082780851207689
0.001780662532261,0.085911020866234
0.001780871790388,0.08904119052478
0.00178422326682,0.139123905061512
0.001812460769368,0.110952952266966
0.001812673764329,0.114083121925512
0.00181288678432,0.117213291584058
0.001813099829345,0.120343461242603
0.001813312899407,0.123473630901149
0.001813525994507,0.126603800559695
0.00181373911465,0.129733970218241
0.001814805091102,0.14538481851097
0.001835474644721,0.149428337074835
0.001857154182752,0.13482129969869
0.001925590246196,0.161233311870638
0.001941295294425,0.154386352808752
0.001941523429633,0.157516522467298
0.00196990523058,0.097652601879976
0.001973305185474,0.143587841619135
0.002003456301946,0.101076799076376
0.002003669668437,0.103913515329433
0.002008325234336,0.165734366085712
0.002008561246702,0.168864535744258
0.002026480355387,0.107826610157526
0.002042808207939,0.172777821949806
0.002072427076251,0.109783731703938
0.002072655399246,0.112718265758825
0.0020728989715,0.115848435417371
0.002073142572379,0.118978605075916
0.002073386201884,0.122108774734462
0.00207362986002,0.125238944393008
0.002075336268913,0.147150132002828
0.002088913259519,0.129515225786857
0.002098957702522,0.150998014963035
0.002141923029164,0.095503480901555
0.002145749099457,0.143042932590719
0.002160564128013,0.134994170954043
0.002185350508057,0.183735712284179
0.002218599806581,0.139522639989586
0.002219903729031,0.155173488282315
0.002220164605468,0.158303657940861
0.002221730508022,0.177084675892135
0.002221991599137,0.180214845550681
0.002242899538033,0.161825443286144
0.002268031695094,0.101491882423567
0.002282194450188,0.148261987173636
0.002283580472206,0.164434530409456
0.002296621057613,0.167304043973911
0.002296890949641,0.170434213632457
0.002307872486155,0.106154189915478
0.002320418392223,0.174034253219204
0.002341562195129,0.088268025605452
0.002368219604307,0.092181120433545
0.002368776249161,0.098441459750637
0.002369889931416,0.11096213838482
0.002370168433782,0.114092308043365
0.002370446968878,0.117222477701911
0.002370725536705,0.120352647360457
0.002371004137269,0.123482817019003
0.002371282770574,0.126612986677548
0.002371561436623,0.129743156336094
0.002400263849816,0.152567692851234
0.002416111028072,0.179043902590556
0.002447796339894,0.079661590064094
0.002452637080931,0.132287567448394
0.002473959473849,0.094999765870388
0.002477741659939,0.135691971431482
0.002489386208089,0.082009791440369
0.002510666649265,0.085531519372416
0.002533207856809,0.100400112316691
0.002533505551809,0.103530281975237
0.002538590367054,0.156938801774174
0.002538888694591,0.16006897143272
0.002548060686348,0.107312761690102
0.002562548873858,0.139292814803542
0.002563181315176,0.145866171086488
0.0025750004494,0.089836363851465
0.002577119440716,0.111747551461285
0.002577422296074,0.114877721119831
0.00262564612272,0.162222111337701
0.002625954680788,0.165352280996247
0.002665516048521,0.117226496628472
0.002670715428458,0.169135143466022
0.002710805135412,0.119574698004747
0.002711103789659,0.122509232059634
0.002731079870904,0.126729617566723
0.002733814870825,0.153391955551121
0.002758986467796,0.142425510644497
0.002804405066272,0.130922711281707
0.002833122738786,0.134444496626991
0.002903624312973,0.164181912168487
0.002903965538205,0.167312081827033
0.002904306803537,0.170442251485579
0.002930111019056,0.138201848481977
0.002932246566265,0.157608900364961
0.002934380796425,0.147227209272942
0.002946849444929,0.111360873312894
0.002985436484806,0.160270156982582
0.002996830553311,0.112926532274532
0.002997182731861,0.116056701933078
0.002997534951798,0.119186871591624
0.002997887213128,0.12231704125017
0.003090222239923,0.126778566451856
0.003112800369322,0.142116627431676
0.003114190664546,0.15401127213415
0.003120790827389,0.150881179026587
0.003206684038731,0.130046944124168
0.003243154659866,0.133666585546772
0.003341893198503,0.145964692200465
0.003350394863324,0.137110882160413
0.003375402712334,0.156622502684961
0.003433013826285,0.160992271965714
0.003547336110815,0.140712529317784
0.003549042992106,0.153526661357456
0.003576298080695,0.165977716189918
0.003625261800431,0.12427990412024
0.003666533429854,0.128192998948333
0.003666964309881,0.131323168606879
0.003672354584527,0.170450289338701
0.003672786148639,0.173580458997246
0.003673217763466,0.176710628655792
0.003673649429015,0.179840798314338
0.003674081145293,0.182970967972884
0.003715908556346,0.186884062800977
0.003792408943899,0.134454486530156
0.003792854616439,0.137584656188702
0.003793746118647,0.143844995505793
0.003794191948328,0.146975165164339
0.003851834304495,0.102175186058769
0.003852428426443,0.10628353373561
0.003852881152293,0.109413703394156
0.003853333931346,0.112543873052702
0.003853786763608,0.115674042711247
0.003854239649085,0.118804212369793
0.003864784253063,0.191580656930982
0.003865238430932,0.194710826589528
0.003865692662175,0.197840996248074
0.003866146946798,0.200971165906619
0.003912547134773,0.161609741756299
0.003919884365145,0.122228409566194
0.004058345477546,0.154020343425531
0.004089548256282,0.166708955776721
0.004101815258868,0.140195810188531
0.004132193074588,0.187931088858809
0.004192342181809,0.126436871574328
0.004198967295361,0.168498526361036
0.004199491587975,0.171824331623241
0.004199985099648,0.174954501281787
0.004200478669316,0.178084670940333
0.004200972296988,0.181214840598878
0.00420146598267,0.184345010257424
0.004215426278728,0.123893800104215
0.004223232392782,0.130657257081417
0.004336683234513,0.135241622003719
0.004338212316265,0.144632130979357
0.004338722129982,0.147762300637902
0.004339232003611,0.150892470296448
0.004340251930633,0.15715280961354
0.004488729327459,0.160284127536817
0.004558697414807,0.12585283542518
0.004559233139273,0.128983005083725
0.004559768926696,0.132113174742271
0.0045991195102,0.137786894314568
0.00464064978828,0.154024936484457
0.004642592908952,0.165176165893026
0.004643104391711,0.168110699947913
0.004643650035432,0.171240869606459
0.004685279604364,0.141113331122376
0.004856419452672,0.174111722813101
0.004960672810724,0.144636724038283
0.004961255774134,0.147766893696829
0.004961838806053,0.150897063355375
0.004963005075446,0.157157402672466
0.005132786481183,0.160288720595744
0.005136255790086,0.178287196132382
0.005137010297914,0.182199908205564
0.005137915853613,0.186895162693383
0.005138519646094,0.190025332351928
0.005139123509532,0.193155502010474
0.0052450138804,0.141182408814858
0.005360073014642,0.153716857056949
0.005364231721042,0.174375976803351
0.005368388397046,0.16524635357475
0.005586040100941,0.182202778867393
0.005672737547486,0.146010766322824
0.005704001004071,0.143598118588483
0.005737332617888,0.149989073018803
0.005738793558678,0.156771107278985
0.00574149165756,0.169291785913168
0.005869427429521,0.161075856069307
0.005873265234516,0.178487424794968
0.006075279161687,0.186411815007893
0.006131638653492,0.164520535437858
0.006168233233192,0.14444855215538
0.006273450730605,0.148557473964587
0.006274095808365,0.151296372415815
0.006274833121312,0.154426542074361
0.006310944196749,0.158469869260771
0.006528116193059,0.166818136614958
0.006539605688666,0.171140806536984
0.006715190852555,0.175361848195349
0.006715980001671,0.178492017853894
0.006784723091252,0.181896421836982
0.006825860378819,0.164341616654918
0.007016948053155,0.185497265209042
0.007059334374849,0.167342510842423
0.007060163966681,0.170472680500968
0.007429949560824,0.191016141282272
0.007472616752774,0.194733409129251
0.007551385507248,0.176422299381669
0.007766562985211,0.180779409043755
0.00794273331818,0.182997378061712
0.008001164992502,0.186910336191623
0.008218070027782,0.197866832204536
0.008220545022618,0.20588789195456
0.008491219054067,0.175956792859448
0.008492216916697,0.179086962517993
0.008636759678878,0.182217706308905
0.008637774645007,0.185347875967451
0.008638789730411,0.188478045625996
0.008785569150085,0.190826247002272
0.009055978743332,0.194739992513712
0.009153806412569,0.200329942072888
0.00939970977425,0.204914306995191
0.009400814399988,0.208044476653737
0.009401919155539,0.211174646312282
0.010294906493938,0.217359831702686
0.010301562299762,0.234575764824687
0.0104023451417,0.22604639698457
0.010409376205381,0.244044872521208
0.01041743938603,0.200893329961594
0.010569769154787,0.204918325921752
0.010749515237365,0.207657798505345
0.010859592437688,0.211179583850629
0.011307302517529,0.215876216256125
0.011308631317853,0.219006385914671
0.011500942251889,0.221745858498264
0.011696466294584,0.224354907346085
0.011697783552808,0.227354653268858
0.011699158241293,0.230484822927404
0.011898445327844,0.23397423199169
0.011900149490891,0.237789126263043
0.012307698370559,0.241898622204616
0.012447845281302,0.245876928900595
0.012940730366359,0.238574539339509
0.013055332352732,0.250215144823409
0.013616768313378,0.255694377056778
0.013618218488295,0.258531093309835
0.013773187045139,0.262313764402155
0.0139467347788,0.26847018576103
0.014086365356884,0.265966394513613
0.014810989775143,0.262837947252165
0.014973298567962,0.255534600803802
0.015059321026052,0.259317080518667
0.015301173852579,0.23727604330544
0.015306344097999,0.246275281073759
0.015310691452825,0.253839857748578
0.015554601023261,0.228407803405259
0.015989890285519,0.219539946259989
0.016022570803154,0.125113352937981
0.016024453727683,0.128243522596527
0.016026336873488,0.131373692255072
0.016028220240595,0.134503861913618
0.016030103829029,0.137634031572164
0.016031987638817,0.14076420123071
0.016033871669985,0.143894370889256
0.016064341251452,0.194466174435135
0.016091724739897,0.150546096240138
0.016112633200695,0.185134470967069
0.016204225290066,0.202194067845853
0.016204772745353,0.158450004280913
0.016209700675314,0.211193305614172
0.016228163966826,0.167110178611714
0.01623054785837,0.022209599545655
0.016232216790811,0.024948497996883
0.016233766667453,0.176305051983692
0.016234124352309,0.028078667655429
0.016236032137978,0.031208837313974
0.016237940147844,0.03433900697252
0.016239848381933,0.037469176631066
0.016241756840273,0.040599346289612
0.016243665522889,0.043729515948157
0.016245574429807,0.046859685606703
0.016247483561055,0.049989855265249
0.016249392916658,0.053120024923795
0.016251302496643,0.05625019458234
0.016253212301035,0.059380364240886
0.016255122329863,0.062510533899432
0.016257032583151,0.065640703557978
0.016258943060926,0.068770873216523
0.016260853763216,0.071901042875069
0.016262764690045,0.075031212533615
0.016266587217428,0.081291551850706
0.016268498818036,0.084421721509252
0.016270410643289,0.087551891167798
0.016272322693214,0.090682060826344
0.016274234967837,0.093812230484889
0.016276147467185,0.096942400143435
0.016278060191285,0.100072569801981
0.016279973140162,0.103202739460527
0.016281886313843,0.106332909119072
0.01653956696112,0.078161956324526
0.016559014046732,0.109463652909984
0.016560960012464,0.11259382256853
0.016562906206881,0.115723992227075
0.016564852630008,0.118854161885621
0.016566799281874,0.121984331544167
0.016587009298839,0.154459841751579
0.016591882867482,0.162285265897943
0.016597733040057,0.171675774873581
0.016603585275358,0.181066283849218
0.016888421005183,0.187718468505994
0.016894375734865,0.197108977481631
0.01690033256414,0.206499486457268
0.016906291493748,0.215889995432905
0.017176629225683,0.19202302591886
0.0174231153601,0.12511622359981
0.017425162872431,0.128246393258356
0.017427210625379,0.131376562916902
0.017429258618973,0.134506732575447
0.017431306853241,0.137636902233993
0.017433355328212,0.140767071892539
0.017435404043913,0.143897241551085
0.017439246034795,0.149766309660858
0.01744513873184,0.158765547429177
0.017450777087816,0.167373513990178
0.017456417266137,0.175981480551179
0.017462059267391,0.184589447112179
0.01776892877931,0.202197225573865
0.01777454124236,0.210609556531207
0.017780677822787,0.219804429903185
0.017786424626674,0.228412396464186
0.018092880814152,0.237020937157553
0.018098817139796,0.245759327454326
0.018879270786201,0.254238305610469
0.019107902200124,0.262377148615344
0.01969636836615,0.266760419575566
0.019841516882799,0.271008753026035
0.020036321073398,0.27615150268357
0.02004279691245,0.28475946924457
0.020206933101335,0.27879287039915
0.020727535482346,0.286716973545893
0.021012319177789,0.293056026410341
0.021080330902107,0.289847717336805
0.021804358609619,0.296500476125946
0.022175373645678,0.299500796181085
0.022806548436283,0.303023193934225
0.02332375924153,0.30511073921641
0.023495540496471,0.30924728089336
0.024126611907418,0.313719854042143
0.024130392364348,0.31789341358687
0.025340163202831,0.281637337439146
0.025346615761976,0.288419371699329
0.025349594420341,0.291549541357874
0.025352573428749,0.29467971101642
0.025355552787242,0.297809880674966
0.025359153312561,0.301592169012375
0.025764276922226,0.277333928291012
0.025791539400819,0.305505455217923
0.025794570345277,0.308635624876469
0.025906078129124,0.274725644953012
0.025915466192771,0.284377001400195
0.026189076752404,0.26650933235424
0.026614755259054,0.24955482083615
0.026623357280894,0.258162787397151
0.027046955475296,0.232209038110741
0.027055432244561,0.240556157200197
0.028246234465427,0.197387431679062
0.028255363789495,0.205995398240063
0.028264496064207,0.214603364801064
0.028274323473414,0.223863450040928
0.028349283159951,0.145576794020796
0.028358654065875,0.154380396185456
0.028368132242367,0.163281816151946
0.028376884140032,0.171498511505628
0.028386055690727,0.180106478066629
0.028394708847009,0.188225355618482
0.028480548921981,0.045411652013515
0.028530659769393,0.124126993533472
0.028723486620084,0.048444290936414
0.028726862118198,0.05157446059496
0.02873023801299,0.054704630253506
0.029219244358596,0.057835374044418
0.029222463494973,0.060769908099304
0.029225897631355,0.06390007775785
0.029229332171306,0.067030247416396
0.029232767114874,0.070160417074941
0.029236202462106,0.073290586733487
0.02923963821305,0.076420756392033
0.029243074367753,0.079550926050579
0.029246510926262,0.082681095709124
0.029249947888626,0.08581126536767
0.029253385254891,0.088941435026216
0.029256823025105,0.092071604684762
0.029260261199316,0.095201774343307
0.029263699777571,0.098331944001853
0.029267138759917,0.101462113660399
0.029270578146402,0.104592283318945
0.029274017937073,0.10772245297749
0.029277458131978,0.110852622636036
0.029280898731165,0.113982792294582
0.029306500877424,0.137263429130016
0.029496647613311,0.118203177801671
0.029592692316398,0.128264535841116
0.030800949402535,0.122788116856339
0.030828107038012,0.146264389295433
0.030838070836193,0.154872355856433
0.030848490977552,0.163871593624752
0.030858008094642,0.172088288978435
0.030867981556993,0.180696255539436
0.030877958242816,0.189304222100437
0.030887938153155,0.197912188661437
0.03089792128905,0.206520155222438
0.030907907651545,0.215128121783439
0.030928647223826,0.232996173584304
0.03093879500093,0.241734563881078
0.030948794574013,0.250342530442079
0.031441136847352,0.224323569287783
0.031482035503051,0.258951071135445
0.031492210654177,0.267559037696446
0.031502389093963,0.276167004257447
0.031513496598409,0.285557513233084
0.031523681917918,0.294165479794085
0.032066828029552,0.302774020487452
0.032347720469569,0.311871363123783
0.032629875160498,0.319990527741819
0.032638982988634,0.327424680680865
0.03264425710368,0.331728663961366
0.03265193006514,0.337989003278457
0.033155047568398,0.298862456679001
0.033177457443059,0.316860932215639
0.033185255732096,0.323121271532731
0.033199882464809,0.334859407752278
0.033208661598756,0.341902289484005
0.033211588492595,0.344249916727915
0.033215491418998,0.34738008638646
0.033219394804061,0.350510256045006
0.033222485309221,0.352988307024688
0.033227202950384,0.356770595362098
0.033231107711751,0.359900765020643
0.033238918611167,0.366161104337735
0.033246731346518,0.372421443654827
0.033795232368423,0.3618576951896
0.034376001938947,0.369292422261012
0.034967522444764,0.377314056143402
0.035570963063561,0.386639927383519
0.036183665775023,0.395118044341112
0.037116975935285,0.403824689902492
0.038074266395214,0.412466123595984
0.038081537519562,0.417552649291121
0.038729519112094,0.42055296934626
0.038734070489176,0.423683139004806
0.038738622401122,0.426813308663352
0.039367896310886,0.409597949673716
0.040353416139914,0.430447935624195
0.040748751262685,0.435031726414132
0.041743166023534,0.439504217544005
0.043297024269027,0.443641759851649
0.043594663579918,0.447554701577778
0.046083200889963,0.438166106376694
0.046511402699113,0.386909960972917
0.046579772395013,0.426037081704739
0.046589580282863,0.431645302342967
0.046594599070557,0.434514624529967
0.046609202254478,0.442861743619423
0.047337114018283,0.409212993922422
0.047351718066731,0.417429689276104
0.04808840043313,0.38221585474983
0.048091932358297,0.384172210786422
0.04810512050442,0.391475939989695
0.048121139544004,0.400344754022241
0.04887170658412,0.366174309382149
0.048887502163801,0.37478227594315
0.049649293214084,0.34022056009574
0.049665340113647,0.348828526656741
0.049681635452968,0.357566916953514
0.050421967372784,0.305137149305239
0.050438264004495,0.31374511586624
0.050454565903359,0.32235308242724
0.050471985115331,0.331547955799219
0.051206666382531,0.270053738514738
0.051224219850259,0.279183400018829
0.051240775773978,0.28779136657983
0.051257588018219,0.296529756876604
0.052004595882679,0.235492022667327
0.05202140402783,0.244099989228328
0.052038217605457,0.252707955789329
0.052055036617316,0.26131592235033
0.052260615620114,0.217493738508145
0.052813666183032,0.200278188141054
0.052831511847577,0.209277425909373
0.052867480120766,0.227406325181783
0.053631384693474,0.163107997578189
0.053637687293165,0.166238167236734
0.053643990633518,0.16936833689528
0.05365029471462,0.172498506553826
0.053656599536559,0.175628676212372
0.053662905099422,0.178758845870917
0.053669211403296,0.181889015529463
0.053675518448268,0.185019185188009
0.053681826234425,0.188149354846555
0.053990760103944,0.192192682032965
0.05447963306919,0.134676197312097
0.054485768575664,0.13767594323487
0.054492171579989,0.140806112893416
0.054498575336776,0.143936282551962
0.054504979846113,0.147066452210507
0.054511385108089,0.150196621869053
0.054517791122792,0.153326791527599
0.054524197890311,0.156456961186145
0.054530605410734,0.15958713084469
0.054607554414548,0.19714916674724
0.054620389801156,0.203409506064331
0.054626808625764,0.206539675722877
0.054639648538032,0.212800015039968
0.055566710588015,0.12523420780099
0.05720598315987,0.096105099854407
0.05721207555125,0.098941816107464
0.057218798943004,0.10207198576601
0.057225523124872,0.105202155424555
0.057232248096945,0.108332325083101
0.057238973859317,0.111462494741647
0.057245700412081,0.114592664400193
0.057252427755328,0.117722834058738
0.057272614528907,0.127113343034376
0.057838704142668,0.121244619404022
0.057859607562246,0.13086989110405
0.061260862257489,0.134549792502885
0.06126806145053,0.137679962161431
0.061275261489599,0.140810131819977
0.061282462374795,0.143940301478522
0.061296866683966,0.150200640795614
0.062229475806137,0.105987568501021
0.062243188426622,0.111856636610794
0.062250503059693,0.11498680626934
0.062257818552357,0.118116975927886
0.062265134904716,0.121247145586432
0.062272452116871,0.124377315244977
0.062279770188923,0.127507484903523
0.062287089120972,0.130637654562069
0.062324306993035,0.146549350326343
0.06234811367929,0.156722401716617
0.062356661887167,0.160374266318254
0.062864548134452,0.153233853850879
0.063419873768804,0.164287552523802
0.063427326682412,0.167417722182347
0.063434780471863,0.170547891840893
0.063442235137262,0.173678061499439
0.063457147096312,0.17993840081653
0.063464604390169,0.183068570475076
0.064521745137007,0.176678381554578
0.06454354694519,0.185677619322897
0.064551131909503,0.188807788981442
0.064558612399968,0.191894484061397
0.064566304512322,0.195068128298534
0.064595079028675,0.206936688253853
0.065010665794292,0.199189748001899
0.065679089330362,0.203807092727673
0.065694527057113,0.210067432044765
0.065702247281162,0.213197601703311
0.065709968412469,0.216327771361856
0.066829046965662,0.219719362624313
0.06683657326544,0.222719108547086
0.066844427699339,0.225849278205632
0.066852283056267,0.228979447864178
0.06686177617755,0.232761736201587
0.066877737479617,0.239119893320508
0.06801778615822,0.242935361724227
0.06802577940472,0.246065531382773
0.068033773590562,0.249195701041318
0.068041768715857,0.252325870699864
0.068440714577938,0.259238520073275
0.069148061445938,0.235501782917547
0.069198865072386,0.255065343283458
0.069229365162897,0.266803479503004
0.069237500790532,0.26993364916155
0.069253774914139,0.276193988478641
0.069261913410335,0.279324158137187
0.069278193272075,0.285584497454279
0.070390112358834,0.263282612769506
0.070413897080161,0.272281850537825
0.071627463757729,0.281020814966964
0.072861232469055,0.289498931924558
0.074116615492124,0.298107472617925
0.076667864701922,0.306716587443658
0.076690391131767,0.314542011590022
0.077994563169533,0.317281484173615
0.079320913536019,0.320020956757209
0.079867132526932,0.324246915449192
0.08068878065389,0.329020768657894
0.08261487035766,0.332386504826143
0.084874436749382,0.336847915201355
0.086944580830513,0.340985031010671
0.090180838819964,0.345066677431555
0.095985882969176,0.34011271889969
0.096238354016361,0.335678407572145
0.098671284669929,0.331049226150761
0.100297679723441,0.320094206478217
0.100306274042963,0.32237662185424
0.100319535294854,0.325898062720104
0.101970102727831,0.314160500632923
0.101982085948879,0.317290670291469
0.102802899929499,0.307606994976526
0.10368183426008,0.311161328842516
0.10536089308878,0.292641732495153
0.105373274785355,0.295771902153698
0.105997332274972,0.304249636356382
0.107048796760185,0.269557305395743
0.107078676802272,0.27699145833479
0.107103845411798,0.283251797651881
0.107116431934909,0.286381967310427
0.107127970880464,0.289251289497427
0.107164169273226,0.298250527265746
0.108901221829979,0.280122202125701
0.11067293313689,0.263558961814929
0.110709245240965,0.272297352111703
0.114367675262169,0.24543121080725
0.114405759779948,0.254300024839796
0.118151627437332,0.219608459388979
0.118188078584114,0.227825154742662
0.118226277561458,0.236433121303663
0.120107349027295,0.210479372017253
0.122064958456426,0.194698674121118
0.122122945348434,0.207349776491073
0.122151650080481,0.213610115808165
0.122166004976525,0.216740285466711
0.122205489639549,0.225348252027711
0.122922010907814,0.202498243173274
0.124099430541034,0.188569332672165
0.124114014334404,0.19169950233071
0.124143187062876,0.197959841647802
0.126165958193509,0.182048720015894
0.126182638292214,0.185570160881757
0.126991228973984,0.177145017203785
0.128222315871829,0.166268022119758
0.128237384174334,0.169398191778304
0.12825245424762,0.172528361436849
0.129236291905224,0.152867270335292
0.130316656144964,0.151400290374031
0.130340266632003,0.156225968597623
0.130355583829737,0.159356138256168
0.130374094511956,0.163138426593578
0.132478281553534,0.143184169152715
0.132493850004377,0.14631433881126
0.134646092852578,0.129098979821625
0.134665872150033,0.133011691894807
0.134681697679972,0.136141861553353
0.134697525069679,0.139272031211898
0.136859428289009,0.116970146527126
0.137978182495775,0.110612276474387
0.139156833044136,0.113970974736718
0.139186815551548,0.119709619110719
0.139207773070507,0.123720148985731
0.142261101718091,0.106407163571721
0.142604041153524,0.096136390068345
0.143822911350013,0.099625512066449
0.14383981298777,0.102755681724994
0.151155501453375,0.084889352321227
0.151173264795158,0.088019521979772
0.152287626026114,0.092323751317001
0.15234635641333,0.070706058122124
0.15361991164381,0.069239078160864
0.153647744163765,0.074064756384455
0.153665800386448,0.077194926043001
0.154979787148608,0.080781865842934
0.161712274116923,0.097412327484873
0.161731278059011,0.100542497143419
0.164368113674839,0.084892222983056
0.164385015093053,0.087631121434283
0.164404333127654,0.090761291092829
0.164423653432453,0.093891460751375
0.164537206084638,0.112281207495331
0.165595306209219,0.104456013001913
0.167298407542838,0.109151611969151
0.16733773066878,0.115411951286243
0.170187588461377,0.1188035425487
0.170210921948125,0.122455407150337
0.176044077947132,0.127151809902887
0.176072524811439,0.131455793183387
0.191497606621169,0.136251736134865
0.204830517346918,0.143394732197885
0.205558410322776,0.148598754081691
0.210693074967195,0.151025477627867
0.211786309896738,0.140070075200412
0.218922566686169,0.129963383942757
0.218954190035607,0.133810884148052
0.218979920876199,0.136941053806598
0.225107986010427,0.128073196661328
0.225520581199716,0.176851673840333
0.226624166087883,0.158070847266514
0.226813988769985,0.180373306083652
0.233792998877092,0.184052288870702
0.23442504475475,0.166679962092246
0.236585697428904,0.143204034132573
0.23814443405685,0.139552399183882
0.238460634040027,0.174897231578295
0.24023783449816,0.149464890168793
0.242083390343963,0.130097252472724
0.242110061103772,0.133031786527611
0.242138513152975,0.136161956186157
0.246397353745078,0.154161005855161
0.24642630962407,0.157291175513706
0.246455268905871,0.160421345172252
0.246484231590879,0.163551514830798
0.246755922344182,0.192896855379664
0.246832049406837,0.201113550733347
0.246911826758123,0.209721517294348
0.24699042056301,0.218199060119576
0.247351063310544,0.257065333379852
0.250017629434783,0.245066732443671
0.251247241396722,0.226938024548715
0.251335829276277,0.236328533524353
0.256068436415399,0.286803093400769
0.260056084319318,0.251980530081813
0.264245525108891,0.231243730226313
0.264338696085102,0.24063423920195
0.271723335930824,0.26027697242111
0.271814352344657,0.269197955947966
0.271905399245335,0.278118939474821
0.274133519561199,0.316933272893735
0.274165734911322,0.320063442552281
0.274230176969566,0.326323781869372
0.274262403678579,0.329453951527918
0.27429866325311,0.332975392393782
0.277177691658604,0.313477426650668
0.278832204575051,0.323194186343192
0.282791929456333,0.25237467195096
0.287702403669655,0.264504653510191
0.287803845364068,0.273895162485828
0.287905322826056,0.283285671461466
0.287975109335715,0.289741646382216
0.289203717170209,0.254331793497373
0.292933271471296,0.298024127736151
0.293029383710659,0.306762518032925
0.307578739305706,0.258246610722563
0.307614885037876,0.261376780381109
0.307687189245931,0.2676371196982
0.307723347722813,0.270767289356746
0.307795677424786,0.277027628673837
0.307831848650876,0.280157798332383
0.318837594030902,0.32300314379846
0.318939472725182,0.331513292557631
0.319013267273201,0.337675814072893
0.319046070330471,0.340414712524121
0.321398566497496,0.344774837748109
0.321960174898822,0.314747665803465
0.330033152345973,0.349415098557171
0.3343432582781,0.248598124937209
0.334372726108949,0.250945752181119
0.33495606825602,0.297376602116214
0.336674621314176,0.255119541378793
0.336793330242627,0.26451005035443
0.336912081026948,0.273900559330067
0.337030873681899,0.283291068305704
0.337108111367734,0.289394899139869
0.337310201318571,0.305358764398452
0.340137225476585,0.259815140346031
0.340257155293109,0.269205649321668
0.34037712739598,0.278596158297305
0.340577174910924,0.294247006590034
0.340657226833348,0.300507345907126
0.340777339998421,0.309897854882763
0.346577580206058,0.313028598673674
0.346827118990761,0.332200887832267
0.346883162591358,0.336504871112768
0.346964696722438,0.342765210429859
0.347087033853751,0.352155719405496
0.347199214116782,0.360763685966497
0.352776963793712,0.338853072489043
0.35444253211699,0.315507415163178
0.354553617727539,0.323854534252633
0.358628645927468,0.330636951267726
0.358835906361425,0.346026952088909
0.35896242919159,0.355417461064546
0.365156212337786,0.364678120436777
0.3764671765792,0.373678391643354
0.390674199632177,0.378244485486605
0.410730861808287,0.372507563509702
0.41077912966893,0.375637733168248
0.417366028284748,0.352944577276157
0.417497856795125,0.361356908233499
0.417626659723947,0.369573603587181
0.442429735434836,0.343849531169289
0.446039815174399,0.337100389909232
0.453768305514311,0.348252193450168
0.460958204218377,0.320570329664769
0.465761169286149,0.328819975431815
0.468162302784824,0.287215033373257
0.468217319816387,0.290345203031803
0.468327373276586,0.296605542348894
0.474332522275638,0.27884228884254
0.475327108770039,0.245349588322573
0.47540391661227,0.249653571603074
0.4754597846566,0.25278374126162
0.475515659266377,0.255913910920165
0.476522525813486,0.312256964773989
0.484429207321895,0.304171267288445
0.491782762735516,0.259045228843443
0.491840555572783,0.262175398501989
0.491898355201694,0.265305568160534
0.491956161623042,0.26843573781908
0.49201397483763,0.271565907477626
0.492071794846251,0.274696077136172
0.492243488029075,0.283988768309979
0.492408008201488,0.292890188276469
0.509672057645224,0.317932693809566
0.509788110859169,0.323997397522999
0.53489554787523,0.265308438822363
0.539640463072851,0.277340315513582
0.544067724589271,0.27176498787548
0.553763095462388,0.295828741257916
0.553828172042711,0.298958910916462
0.55389325627064,0.302089080575008
0.553958348147074,0.305219250233553
0.554023447672908,0.308349419892099
0.554088554849046,0.311479589550645
0.554153669676382,0.314609759209191
0.554283922288254,0.320870098526282
0.559395942339735,0.267788020821688
0.562341186863362,0.25885418629871
0.562403140997037,0.261788720353597
0.562684085355634,0.275091941402416
0.562868014617465,0.283797725765247
0.563054071639882,0.292601327929907
0.563585706431179,0.317740503000102
0.563718176022723,0.324000842317194
0.601248741727068,0.255139406358651
0.611482365613484,0.258270150149562
0.621668692700788,0.251912567163007
0.632376037300688,0.260358078186658
0.637851369139228,0.266781734239648
0.63805986896095,0.275487518602478
0.638275468505613,0.284486756370797
0.654188587083968,0.270793125313209
0.654419249038453,0.280183634288846
0.664102803584493,0.225014968189343
0.664312565945105,0.233427299146684
0.664541916870941,0.242622172518663
0.679559938750284,0.21288636454779
0.686543980085563,0.217386327911369
0.71087030348147,0.252014978023763
0.722272740869815,0.229452245867445
0.747076353762762,0.235974580920814
0.755555514623301,0.238974709598497
0.760026458076237,0.247322020065408
0.786095781707128,0.252800965232595
0.82624243755799,0.240282008995509
0.826509483240864,0.24888997555651
0.839935382814438,0.231674616566874
0.868270416600482,0.222578709261457
0.876484865480393,0.205539192662168
0.8824945821168,0.208982608939515
0.882598290236805,0.212112778598061
0.882702010544277,0.215242948256607
0.907837356087718,0.219091405349179
0.967207086483434,0.22704009708147
0.993162569852632,0.230897815475896
0.99325983014223,0.233506290191351
1.02620306926626,0.209770318545444
1.02654228251432,0.218573920710104
1.0442140421189,0.226791190196152
1.06014030164977,0.183556295919855
1.07813703196885,0.185513226088812
1.07826373140356,0.188643395747358
1.07839044572762,0.191773565405903
1.09672920556907,0.194513037989497
1.09685808990034,0.197643207648043
1.10933978972034,0.201425878740363
1.15377353931198,0.205861625398823
1.1922623116449,0.18708175571228
1.19254255030183,0.193342095029371
1.1926826943304,0.196472264687917
1.19282285482826,0.199602434346463
1.19296303179737,0.202732604005009
1.2535250791198,0.182486041423388
1.25386115652661,0.189626740956946
1.31728738829167,0.164782741689336
1.31769378672211,0.172999437043019
1.36305156796737,0.181608551868751
1.38475572224944,0.155980861921774
1.48051599080089,0.151385721765248
1.60991123359552,0.151095139021589
1.63659157024649,0.142487746592954
1.73199894475868,0.133881732081997
1.73941639452736,0.128664935753051
1.80807787459707,0.118232376533419
1.80829035449326,0.121362546191965
1.8186879909133,0.125275449642602
1.83840235424194,0.114841933535694
1.90066937327082,0.109234861162198
1.91318437327778,0.105478887224889
1.96571899820205,0.112757450292793
1.99820792177165,0.102976244242204
2.01474197590164,0.099259454838864
2.06557909632878,0.093391247927639
2.0658066648698,0.096325781982526
2.09998065884312,0.086935847139254
2.13569225210397,0.089675319722848
2.24435744972294,0.072330685262171
2.24507184479188,0.080808228087399
2.35938897597721,0.064441771645018
2.56492778726207,0.05720612497146
2.7418610138426,0.048339607468377
2.74221008212005,0.051730624598468
2.81125856096048,0.04449296846163
2.88238436053055,0.040385481983337
2.95046909728768,0.037256116110104
3.03023579115324,0.033539958252366
3.21273867550142,0.028846713227828
3.58136305653362,0.020340296329034
3.86093560960134,0.013593451598441
3.8929970595586,0.010659204609738
4.30445463876296,0.008315022160023
4.92129431995276,0.004113449740279
5.44185404947925,0.003823441128985
6.65359672248416,0.001678339077125
9.30262273281644,0.000124736895169
10.1156231587054,-0.00026366365032
